File,Timestamp,Component,Prob,Status,dB,OCSVMScore,TopFreq1,TopFreq2,TopFreq3
elevator_20250730_145544_932.wav,2025-07-30T14:55:44,elevator,1.0,Normal,85.7,0.0,595.0,594.5,593.5
elevator_20250730_145545_922.wav,2025-07-30T14:55:45,elevator,1.0,Normal,87.8,0.0,594.5,594.0,595.0
elevator_20250730_145546_940.wav,2025-07-30T14:55:46,elevator,1.0,Normal,85.7,0.0,594.0,594.5,595.0
elevator_20250730_145547_921.wav,2025-07-30T14:55:47,elevator,1.0,Normal,83.8,0.1,733.5,734.5,717.5
elevator_20250730_145548_915.wav,2025-07-30T14:55:48,elevator,1.0,Normal,87.6,0.0,732.0,594.5,732.5
elevator_20250730_145549_920.wav,2025-07-30T14:55:49,elevator,1.0,Normal,87.2,0.1,732.0,594.5,595.0
elevator_20250730_145550_911.wav,2025-07-30T14:55:50,elevator,1.0,Normal,83.7,-0.0,976.5,732.5,1220.5
elevator_20250730_145551_922.wav,2025-07-30T14:55:51,elevator,1.0,Normal,86.8,0.1,594.5,594.0,595.0
elevator_20250730_145552_913.wav,2025-07-30T14:55:52,elevator,1.0,Normal,87.7,0.1,594.5,594.0,732.0
elevator_20250730_145553_910.wav,2025-07-30T14:55:53,elevator,1.0,Normal,84.7,0.0,734.0,733.5,1162.0
elevator_20250730_145554_913.wav,2025-07-30T14:55:54,elevator,1.0,Normal,85.5,0.2,731.5,733.0,732.0
elevator_20250730_145555_907.wav,2025-07-30T14:55:55,elevator,1.0,Normal,87.9,0.0,732.0,594.5,595.0
elevator_20250730_145556_913.wav,2025-07-30T14:55:56,elevator,1.0,Normal,86.2,0.3,732.0,595.0,594.5
elevator_20250730_145557_908.wav,2025-07-30T14:55:57,elevator,1.0,Normal,84.1,0.1,732.0,744.5,1122.5
elevator_20250730_145558_936.wav,2025-07-30T14:55:58,elevator,1.0,Normal,87.7,0.0,594.5,594.0,595.0
elevator_20250730_145559_919.wav,2025-07-30T14:55:59,elevator,1.0,Normal,87.1,0.1,594.5,594.0,595.0
elevator_20250730_145600_928.wav,2025-07-30T14:56:00,elevator,0.9,Normal,83.4,0.0,744.0,921.0,927.0
elevator_20250730_145601_924.wav,2025-07-30T14:56:01,elevator,1.0,Normal,86.6,0.1,732.0,594.5,595.0
elevator_20250730_145602_929.wav,2025-07-30T14:56:02,elevator,1.0,Normal,87.8,0.0,732.0,594.5,595.0
elevator_20250730_145603_924.wav,2025-07-30T14:56:03,elevator,1.0,Normal,85.0,0.2,732.0,625.0,732.5
elevator_20250730_145604_914.wav,2025-07-30T14:56:04,elevator,1.0,Normal,85.7,0.1,610.5,732.0,568.5
elevator_20250730_145605_920.wav,2025-07-30T14:56:05,elevator,1.0,Normal,87.9,0.0,594.5,594.0,595.0
elevator_20250730_145606_908.wav,2025-07-30T14:56:06,elevator,1.0,Normal,85.9,0.1,594.0,594.5,732.0
elevator_20250730_145607_919.wav,2025-07-30T14:56:07,elevator,1.0,Normal,83.4,0.2,728.5,733.0,707.0
elevator_20250730_145608_914.wav,2025-07-30T14:56:08,elevator,1.0,Normal,87.5,0.0,732.0,594.5,731.5
elevator_20250730_145609_902.wav,2025-07-30T14:56:09,elevator,1.0,Normal,87.4,0.1,732.0,594.5,595.0
elevator_20250730_145610_915.wav,2025-07-30T14:56:10,elevator,1.0,Normal,83.5,0.1,733.0,732.5,706.0
elevator_20250730_145611_907.wav,2025-07-30T14:56:11,elevator,1.0,Normal,86.6,0.1,595.0,594.0,594.5
elevator_20250730_145612_910.wav,2025-07-30T14:56:12,elevator,1.0,Normal,87.9,0.1,594.5,594.0,595.0
elevator_20250730_145613_924.wav,2025-07-30T14:56:13,elevator,1.0,Normal,85.0,0.1,733.5,732.5,732.0
elevator_20250730_145614_933.wav,2025-07-30T14:56:14,elevator,1.0,Normal,85.1,0.2,733.0,733.5,734.0
elevator_20250730_145615_920.wav,2025-07-30T14:56:15,elevator,1.0,Normal,87.8,0.0,732.0,595.0,594.5
elevator_20250730_145616_935.wav,2025-07-30T14:56:16,elevator,0.9,Normal,86.4,0.2,732.0,595.0,732.5
elevator_20250730_145617_925.wav,2025-07-30T14:56:17,elevator,1.0,Normal,83.9,0.1,733.0,976.0,731.5
elevator_20250730_145618_913.wav,2025-07-30T14:56:18,elevator,1.0,Normal,87.6,0.1,594.5,594.0,595.0
elevator_20250730_145619_921.wav,2025-07-30T14:56:19,elevator,1.0,Normal,87.4,0.1,594.5,594.0,595.0
elevator_20250730_145620_914.wav,2025-07-30T14:56:20,elevator,1.0,Normal,83.5,0.1,720.5,1094.0,679.5
elevator_20250730_145621_923.wav,2025-07-30T14:56:21,elevator,1.0,Normal,86.2,0.2,732.0,732.5,731.5
elevator_20250730_145622_915.wav,2025-07-30T14:56:22,elevator,1.0,Normal,87.8,0.0,732.0,594.5,605.5
elevator_20250730_145623_905.wav,2025-07-30T14:56:23,elevator,1.0,Normal,85.3,0.2,590.0,732.5,588.0
elevator_20250730_145624_916.wav,2025-07-30T14:56:24,elevator,1.0,Normal,85.4,0.1,611.0,611.5,612.0
elevator_20250730_145625_905.wav,2025-07-30T14:56:25,elevator,1.0,Anomaly,88.0,,594.5,594.0,732.5
elevator_20250730_145626_913.wav,2025-07-30T14:56:26,elevator,1.0,Normal,86.5,0.1,594.5,594.0,732.0
elevator_20250730_145627_906.wav,2025-07-30T14:56:27,elevator,1.0,Normal,83.2,0.1,819.0,920.0,731.0
elevator_20250730_145628_929.wav,2025-07-30T14:56:28,elevator,1.0,Normal,87.3,0.1,732.0,594.5,731.5
elevator_20250730_145629_922.wav,2025-07-30T14:56:29,elevator,1.0,Normal,87.5,0.1,732.0,594.5,595.0
elevator_20250730_145630_930.wav,2025-07-30T14:56:30,elevator,1.0,Normal,83.6,0.0,732.0,725.5,720.5
elevator_20250730_145631_924.wav,2025-07-30T14:56:31,elevator,1.0,Normal,86.3,0.0,594.5,594.0,595.0
elevator_20250730_145632_932.wav,2025-07-30T14:56:32,elevator,1.0,Normal,87.9,0.0,594.5,594.0,595.0
elevator_20250730_145633_921.wav,2025-07-30T14:56:33,elevator,1.0,Normal,85.2,0.1,595.5,732.0,594.5
elevator_20250730_145634_916.wav,2025-07-30T14:56:34,elevator,1.0,Normal,84.9,0.2,602.0,592.5,593.0
elevator_20250730_145635_921.wav,2025-07-30T14:56:35,elevator,1.0,Normal,87.8,0.1,732.0,594.5,595.0
elevator_20250730_145636_907.wav,2025-07-30T14:56:36,elevator,1.0,Normal,86.7,0.3,595.0,732.0,594.5
elevator_20250730_145637_922.wav,2025-07-30T14:56:37,elevator,1.0,Normal,83.7,0.1,732.0,733.0,732.5
elevator_20250730_145638_915.wav,2025-07-30T14:56:38,elevator,1.0,Normal,87.3,0.1,594.5,594.0,595.0
elevator_20250730_145639_904.wav,2025-07-30T14:56:39,elevator,1.0,Normal,87.7,0.1,594.5,594.0,595.0
elevator_20250730_145640_914.wav,2025-07-30T14:56:40,elevator,1.0,Normal,84.2,0.1,752.0,471.5,1168.5
elevator_20250730_145641_906.wav,2025-07-30T14:56:41,elevator,1.0,Normal,85.9,0.3,731.5,733.0,732.5
elevator_20250730_145642_913.wav,2025-07-30T14:56:42,elevator,1.0,Normal,88.0,0.0,732.0,594.5,595.0
elevator_20250730_145643_925.wav,2025-07-30T14:56:43,elevator,1.0,Normal,85.7,0.2,625.0,732.0,569.5
elevator_20250730_145644_928.wav,2025-07-30T14:56:44,elevator,1.0,Normal,84.9,0.1,596.5,732.0,616.5
elevator_20250730_145645_917.wav,2025-07-30T14:56:45,elevator,1.0,Anomaly,88.0,,594.0,594.5,616.5
elevator_20250730_145646_932.wav,2025-07-30T14:56:46,elevator,1.0,Normal,86.8,0.1,594.0,594.5,595.0
elevator_20250730_145647_923.wav,2025-07-30T14:56:47,elevator,1.0,Normal,83.2,0.0,1096.0,936.5,829.5
elevator_20250730_145648_913.wav,2025-07-30T14:56:48,elevator,1.0,Normal,87.1,0.2,594.5,732.5,568.0
elevator_20250730_145649_919.wav,2025-07-30T14:56:49,elevator,1.0,Normal,87.7,0.1,732.0,594.5,605.5
elevator_20250730_145650_912.wav,2025-07-30T14:56:50,elevator,1.0,Normal,84.2,0.1,732.0,732.5,585.0
elevator_20250730_145651_920.wav,2025-07-30T14:56:51,elevator,1.0,Normal,86.2,0.1,595.0,732.0,594.5
elevator_20250730_145652_908.wav,2025-07-30T14:56:52,elevator,1.0,Anomaly,88.0,,594.5,732.0,594.0
elevator_20250730_145653_905.wav,2025-07-30T14:56:53,elevator,1.0,Normal,85.6,0.1,594.5,594.0,732.0
elevator_20250730_145654_917.wav,2025-07-30T14:56:54,elevator,1.0,Normal,84.3,0.2,725.5,734.5,725.0
elevator_20250730_145655_902.wav,2025-07-30T14:56:55,elevator,1.0,Normal,87.8,0.0,732.0,594.5,732.5
elevator_20250730_145656_917.wav,2025-07-30T14:56:56,elevator,1.0,Normal,87.1,0.1,732.0,595.0,622.0
elevator_20250730_145657_909.wav,2025-07-30T14:56:57,elevator,1.0,Normal,83.5,0.0,732.5,706.5,624.5
elevator_20250730_145658_926.wav,2025-07-30T14:56:58,elevator,1.0,Normal,87.0,0.1,594.5,594.0,732.0
elevator_20250730_145659_926.wav,2025-07-30T14:56:59,elevator,1.0,Normal,87.7,0.1,594.5,594.0,732.5
elevator_20250730_145700_930.wav,2025-07-30T14:57:00,elevator,1.0,Normal,84.5,0.1,752.0,745.5,829.0
elevator_20250730_145701_920.wav,2025-07-30T14:57:01,elevator,1.0,Normal,85.7,0.2,732.0,731.5,732.5
elevator_20250730_145702_929.wav,2025-07-30T14:57:02,elevator,1.0,Normal,88.0,0.0,732.0,594.5,595.0
elevator_20250730_145703_924.wav,2025-07-30T14:57:03,elevator,0.9,Normal,85.9,0.3,732.0,595.0,589.0
elevator_20250730_145704_916.wav,2025-07-30T14:57:04,elevator,1.0,Normal,84.4,0.1,625.5,1220.5,732.5
elevator_20250730_145705_920.wav,2025-07-30T14:57:05,elevator,1.0,Normal,88.0,0.0,594.5,594.0,732.0
elevator_20250730_145706_916.wav,2025-07-30T14:57:06,elevator,1.0,Normal,87.3,0.1,594.5,594.0,732.5
elevator_20250730_145707_923.wav,2025-07-30T14:57:07,elevator,1.0,Normal,83.4,0.0,754.0,729.0,1167.0
elevator_20250730_145708_916.wav,2025-07-30T14:57:08,elevator,1.0,Normal,86.9,0.0,732.0,594.5,732.5
elevator_20250730_145709_904.wav,2025-07-30T14:57:09,elevator,1.0,Normal,87.8,0.0,732.0,594.5,605.5
elevator_20250730_145710_913.wav,2025-07-30T14:57:10,elevator,1.0,Normal,84.6,0.2,732.0,585.0,687.0
elevator_20250730_145711_906.wav,2025-07-30T14:57:11,elevator,1.0,Normal,85.8,-0.0,626.0,595.0,732.0
elevator_20250730_145712_913.wav,2025-07-30T14:57:12,elevator,1.0,Normal,88.0,0.0,594.5,594.0,609.0
elevator_20250730_145713_923.wav,2025-07-30T14:57:13,elevator,1.0,Normal,85.9,0.1,594.5,594.0,595.0
elevator_20250730_145714_929.wav,2025-07-30T14:57:14,elevator,1.0,Normal,83.9,0.2,735.0,720.5,1095.5
elevator_20250730_145715_919.wav,2025-07-30T14:57:15,elevator,1.0,Normal,87.7,0.1,732.0,594.5,595.0
elevator_20250730_145716_932.wav,2025-07-30T14:57:16,elevator,1.0,Normal,87.3,0.2,732.0,594.5,595.0
elevator_20250730_145717_922.wav,2025-07-30T14:57:17,elevator,1.0,Normal,83.2,0.1,732.5,1164.0,731.5
elevator_20250730_145718_916.wav,2025-07-30T14:57:18,elevator,1.0,Normal,86.7,0.1,594.5,595.0,594.0
elevator_20250730_145719_925.wav,2025-07-30T14:57:19,elevator,1.0,Normal,87.9,0.1,594.5,594.0,732.5
elevator_20250730_145720_916.wav,2025-07-30T14:57:20,elevator,1.0,Normal,85.0,0.2,720.5,733.0,734.0
elevator_20250730_145721_922.wav,2025-07-30T14:57:21,elevator,1.0,Normal,85.6,0.2,732.5,733.0,732.0
elevator_20250730_145722_912.wav,2025-07-30T14:57:22,elevator,1.0,Anomaly,88.1,,732.0,594.5,605.5
elevator_20250730_145723_906.wav,2025-07-30T14:57:23,elevator,1.0,Normal,86.4,0.3,732.0,605.0,595.0
elevator_20250730_145724_914.wav,2025-07-30T14:57:24,elevator,1.0,Normal,84.0,0.1,612.5,732.0,614.0
elevator_20250730_145725_907.wav,2025-07-30T14:57:25,elevator,1.0,Normal,87.6,0.0,594.5,594.0,595.0
elevator_20250730_145726_917.wav,2025-07-30T14:57:26,elevator,1.0,Normal,87.3,0.1,594.5,594.0,595.0
elevator_20250730_145727_904.wav,2025-07-30T14:57:27,elevator,1.0,Normal,83.6,0.1,475.0,1166.0,1095.0
elevator_20250730_145728_932.wav,2025-07-30T14:57:28,elevator,1.0,Normal,87.0,0.2,732.0,594.5,620.5
elevator_20250730_145729_924.wav,2025-07-30T14:57:29,elevator,1.0,Anomaly,88.1,,732.0,594.5,605.5
elevator_20250730_145730_929.wav,2025-07-30T14:57:30,elevator,1.0,Normal,85.1,0.2,732.5,588.0,587.0
elevator_20250730_145731_921.wav,2025-07-30T14:57:31,elevator,1.0,Normal,85.6,0.0,594.5,595.0,733.5
elevator_20250730_145732_933.wav,2025-07-30T14:57:32,elevator,1.0,Normal,87.9,-0.0,594.5,594.0,595.0
elevator_20250730_145733_922.wav,2025-07-30T14:57:33,elevator,1.0,Normal,86.2,0.0,594.0,594.5,595.0
elevator_20250730_145734_911.wav,2025-07-30T14:57:34,elevator,1.0,Normal,83.7,0.2,726.0,728.5,778.5
elevator_20250730_145735_919.wav,2025-07-30T14:57:35,elevator,1.0,Normal,87.6,0.1,732.0,594.5,731.5
elevator_20250730_145736_913.wav,2025-07-30T14:57:36,elevator,1.0,Normal,87.7,0.1,732.0,594.5,595.0
elevator_20250730_145737_923.wav,2025-07-30T14:57:37,elevator,1.0,Normal,84.0,0.2,732.5,683.5,690.0
elevator_20250730_145738_912.wav,2025-07-30T14:57:38,elevator,1.0,Normal,86.8,0.2,594.5,594.0,595.0
elevator_20250730_145739_905.wav,2025-07-30T14:57:39,elevator,1.0,Anomaly,88.1,,594.5,594.0,595.0
elevator_20250730_145740_915.wav,2025-07-30T14:57:40,elevator,1.0,Normal,85.2,0.0,594.5,730.5,732.0
elevator_20250730_145741_907.wav,2025-07-30T14:57:41,elevator,1.0,Normal,85.1,0.2,733.5,734.5,731.5
elevator_20250730_145742_912.wav,2025-07-30T14:57:42,elevator,1.0,Normal,88.0,0.0,732.0,594.5,595.0
elevator_20250730_145743_924.wav,2025-07-30T14:57:43,elevator,1.0,Normal,86.7,0.3,732.0,732.5,605.5
elevator_20250730_145744_929.wav,2025-07-30T14:57:44,elevator,1.0,Normal,84.0,0.1,732.5,733.0,976.0
elevator_20250730_145745_920.wav,2025-07-30T14:57:45,elevator,1.0,Normal,87.4,0.1,594.5,594.0,595.0
elevator_20250730_145746_926.wav,2025-07-30T14:57:46,elevator,1.0,Normal,87.5,0.0,594.5,594.0,595.0
elevator_20250730_145747_919.wav,2025-07-30T14:57:47,elevator,1.0,Normal,84.2,-0.0,823.5,1099.5,749.5
elevator_20250730_145748_915.wav,2025-07-30T14:57:48,elevator,1.0,Normal,86.5,0.2,732.0,733.0,594.5
elevator_20250730_145749_919.wav,2025-07-30T14:57:49,elevator,1.0,Anomaly,88.0,,594.5,732.0,595.0
elevator_20250730_145750_913.wav,2025-07-30T14:57:50,elevator,1.0,Normal,85.4,0.2,595.0,569.5,570.0
elevator_20250730_145751_922.wav,2025-07-30T14:57:51,elevator,1.0,Normal,85.2,0.0,732.0,618.5,618.0
elevator_20250730_145752_914.wav,2025-07-30T14:57:52,elevator,1.0,Anomaly,88.0,,594.5,594.0,595.0
elevator_20250730_145753_922.wav,2025-07-30T14:57:53,elevator,1.0,Normal,86.7,-0.0,594.5,594.0,732.0
elevator_20250730_145754_917.wav,2025-07-30T14:57:54,elevator,1.0,Normal,83.5,0.1,819.5,706.5,717.5
elevator_20250730_145755_907.wav,2025-07-30T14:57:55,elevator,1.0,Normal,87.4,0.1,594.5,732.0,732.5
elevator_20250730_145756_911.wav,2025-07-30T14:57:56,elevator,1.0,Normal,87.7,0.1,732.0,594.5,732.5
elevator_20250730_145757_909.wav,2025-07-30T14:57:57,elevator,1.0,Normal,84.0,0.1,733.0,732.5,707.5
elevator_20250730_145758_927.wav,2025-07-30T14:57:58,elevator,1.0,Normal,86.4,0.1,594.5,595.0,618.0
elevator_20250730_145759_917.wav,2025-07-30T14:57:59,elevator,1.0,Anomaly,88.1,,594.5,594.0,595.0
elevator_20250730_145800_926.wav,2025-07-30T14:58:00,elevator,1.0,Normal,85.5,0.0,594.5,595.0,595.5
elevator_20250730_145801_923.wav,2025-07-30T14:58:01,elevator,1.0,Normal,84.9,0.1,593.5,733.5,730.0
elevator_20250730_145802_932.wav,2025-07-30T14:58:02,elevator,1.0,Normal,88.0,0.1,732.0,594.5,732.5
elevator_20250730_145803_921.wav,2025-07-30T14:58:03,elevator,1.0,Normal,86.8,0.2,732.0,594.5,595.0
elevator_20250730_145804_913.wav,2025-07-30T14:58:04,elevator,1.0,Normal,83.6,0.1,732.0,732.5,694.0
elevator_20250730_145805_917.wav,2025-07-30T14:58:05,elevator,1.0,Normal,87.3,0.1,594.5,594.0,595.0
elevator_20250730_145806_914.wav,2025-07-30T14:58:06,elevator,1.0,Normal,87.7,0.1,594.5,594.0,595.0
elevator_20250730_145807_920.wav,2025-07-30T14:58:07,elevator,1.0,Normal,84.3,0.1,475.0,726.5,1095.5
elevator_20250730_145808_913.wav,2025-07-30T14:58:08,elevator,1.0,Normal,86.1,0.2,731.5,732.0,732.5
elevator_20250730_145809_904.wav,2025-07-30T14:58:09,elevator,1.0,Anomaly,88.2,,732.0,594.5,595.0
elevator_20250730_145810_916.wav,2025-07-30T14:58:10,elevator,1.0,Normal,85.9,0.2,732.0,595.0,732.5
elevator_20250730_145811_909.wav,2025-07-30T14:58:11,elevator,1.0,Normal,84.7,0.1,732.0,612.0,822.0
elevator_20250730_145812_916.wav,2025-07-30T14:58:12,elevator,1.0,Normal,88.0,0.0,594.5,594.0,732.0
elevator_20250730_145813_938.wav,2025-07-30T14:58:13,elevator,1.0,Normal,87.0,0.0,594.5,594.0,732.0
elevator_20250730_145814_932.wav,2025-07-30T14:58:14,elevator,1.0,Normal,83.4,-0.0,727.0,932.0,930.0
environment_20250730_150715_482.wav,2025-07-30T15:07:15,environment,0.8,Normal,80.5,0.1,475.0,471.5,477.5
environment_20250730_150716_490.wav,2025-07-30T15:07:16,environment,0.9,Normal,80.3,0.1,471.5,717.0,475.0
environment_20250730_150717_482.wav,2025-07-30T15:07:17,environment,0.9,Normal,80.8,0.1,710.0,409.0,575.0
environment_20250730_150718_471.wav,2025-07-30T15:07:18,environment,0.9,Normal,81.0,0.1,710.0,471.5,710.5
environment_20250730_150719_474.wav,2025-07-30T15:07:19,environment,1.0,Normal,80.8,0.1,471.5,710.0,475.0
environment_20250730_150720_481.wav,2025-07-30T15:07:20,environment,1.0,Normal,80.6,0.1,471.5,405.0,475.0
environment_20250730_150721_471.wav,2025-07-30T15:07:21,environment,1.0,Normal,80.6,0.1,717.0,475.0,710.0
environment_20250730_150722_483.wav,2025-07-30T15:07:22,environment,1.0,Normal,80.4,0.1,477.5,718.0,402.0
environment_20250730_150723_470.wav,2025-07-30T15:07:23,environment,1.0,Normal,80.5,0.0,471.5,619.5,711.0
environment_20250730_150724_471.wav,2025-07-30T15:07:24,environment,1.0,Normal,80.5,0.1,471.5,710.0,706.0
environment_20250730_150725_467.wav,2025-07-30T15:07:25,environment,0.9,Normal,80.9,0.1,710.5,471.5,706.5
environment_20250730_150726_463.wav,2025-07-30T15:07:26,environment,1.0,Normal,81.0,0.1,471.5,710.5,710.0
environment_20250730_150727_468.wav,2025-07-30T15:07:27,environment,1.0,Normal,80.6,0.1,710.5,471.5,717.0
environment_20250730_150728_467.wav,2025-07-30T15:07:28,environment,1.0,Normal,80.5,0.0,710.5,471.5,475.0
environment_20250730_150729_491.wav,2025-07-30T15:07:29,environment,1.0,Normal,80.4,0.0,475.0,607.5,720.0
environment_20250730_150730_482.wav,2025-07-30T15:07:30,environment,1.0,Normal,80.6,0.1,717.5,475.0,471.5
environment_20250730_150731_490.wav,2025-07-30T15:07:31,environment,1.0,Normal,80.8,0.1,710.5,471.5,720.5
environment_20250730_150732_483.wav,2025-07-30T15:07:32,environment,0.9,Normal,80.6,0.1,471.5,710.0,475.0
environment_20250730_150733_470.wav,2025-07-30T15:07:33,environment,0.9,Normal,80.5,0.1,471.5,475.0,477.5
environment_20250730_150734_483.wav,2025-07-30T15:07:34,environment,0.9,Normal,80.6,0.1,710.0,475.0,708.5
environment_20250730_150735_475.wav,2025-07-30T15:07:35,environment,1.0,Normal,80.7,0.1,710.5,475.0,720.0
environment_20250730_150736_482.wav,2025-07-30T15:07:36,environment,1.0,Normal,80.7,0.1,471.5,710.0,475.0
environment_20250730_150737_475.wav,2025-07-30T15:07:37,environment,1.0,Normal,80.6,0.1,471.5,431.5,720.0
environment_20250730_150738_467.wav,2025-07-30T15:07:38,environment,0.9,Normal,80.7,0.1,471.5,418.5,475.0
environment_20250730_150739_470.wav,2025-07-30T15:07:39,environment,1.0,Normal,80.5,0.1,710.5,471.5,401.0
environment_20250730_150740_466.wav,2025-07-30T15:07:40,environment,1.0,Normal,80.4,0.1,710.0,471.5,713.0
environment_20250730_150741_475.wav,2025-07-30T15:07:41,environment,0.8,Normal,80.9,0.1,710.5,710.0,471.5
environment_20250730_150742_466.wav,2025-07-30T15:07:42,environment,1.0,Normal,81.1,0.1,710.0,471.5,710.5
environment_20250730_150743_457.wav,2025-07-30T15:07:43,environment,1.0,Normal,80.9,0.0,471.5,710.0,710.5
environment_20250730_150744_481.wav,2025-07-30T15:07:44,environment,1.0,Normal,80.6,0.1,475.0,471.5,710.0
environment_20250730_150745_490.wav,2025-07-30T15:07:45,environment,0.9,Normal,80.5,0.1,471.5,710.5,475.0
environment_20250730_150746_477.wav,2025-07-30T15:07:46,environment,0.9,Normal,80.7,0.1,710.5,711.5,475.0
environment_20250730_150747_489.wav,2025-07-30T15:07:47,environment,0.9,Normal,80.7,0.1,710.5,477.0,475.0
environment_20250730_150748_486.wav,2025-07-30T15:07:48,environment,1.0,Normal,80.6,0.1,475.0,477.5,720.5
environment_20250730_150749_471.wav,2025-07-30T15:07:49,environment,1.0,Normal,80.5,0.1,475.0,710.0,706.5
environment_20250730_150750_484.wav,2025-07-30T15:07:50,environment,1.0,Normal,80.5,0.1,475.0,477.5,710.5
environment_20250730_150751_473.wav,2025-07-30T15:07:51,environment,1.0,Normal,80.9,0.1,471.5,475.0,710.5
environment_20250730_150752_483.wav,2025-07-30T15:07:52,environment,1.0,Normal,81.0,0.0,471.5,710.0,720.5
environment_20250730_150753_474.wav,2025-07-30T15:07:53,environment,0.8,Normal,80.5,0.0,471.5,710.5,720.5
environment_20250730_150754_467.wav,2025-07-30T15:07:54,environment,0.9,Normal,80.2,0.1,710.5,471.5,477.5
environment_20250730_150755_476.wav,2025-07-30T15:07:55,environment,1.0,Normal,80.5,0.1,471.5,638.5,475.0
environment_20250730_150756_464.wav,2025-07-30T15:07:56,environment,1.0,Normal,80.3,0.0,471.5,717.5,430.0
environment_20250730_150757_475.wav,2025-07-30T15:07:57,environment,1.0,Normal,80.4,0.1,475.0,477.5,407.0
environment_20250730_150758_464.wav,2025-07-30T15:07:58,environment,1.0,Normal,80.8,0.1,475.0,710.0,471.5
environment_20250730_150759_486.wav,2025-07-30T15:07:59,environment,1.0,Normal,81.0,0.1,710.0,471.5,477.5
environment_20250730_150800_476.wav,2025-07-30T15:08:00,environment,1.0,Normal,81.1,0.1,638.0,471.5,475.0
environment_20250730_150801_488.wav,2025-07-30T15:08:01,environment,1.0,Normal,80.7,0.0,475.0,471.5,577.5
environment_20250730_150802_481.wav,2025-07-30T15:08:02,environment,1.0,Normal,80.7,0.1,710.5,475.0,706.5
environment_20250730_150803_474.wav,2025-07-30T15:08:03,environment,1.0,Normal,80.9,0.1,710.5,475.0,404.0
environment_20250730_150804_481.wav,2025-07-30T15:08:04,environment,1.0,Normal,80.8,0.1,471.5,475.0,710.0
environment_20250730_150805_467.wav,2025-07-30T15:08:05,environment,1.0,Normal,80.8,0.1,710.5,471.5,475.0
environment_20250730_150806_479.wav,2025-07-30T15:08:06,environment,1.0,Normal,80.7,0.1,710.0,471.5,709.5
environment_20250730_150807_471.wav,2025-07-30T15:08:07,environment,1.0,Normal,80.5,0.1,710.0,471.5,475.0
environment_20250730_150808_463.wav,2025-07-30T15:08:08,environment,1.0,Normal,80.2,0.1,471.5,475.0,720.5
environment_20250730_150809_471.wav,2025-07-30T15:08:09,environment,1.0,Normal,80.4,0.0,710.5,477.5,471.0
environment_20250730_150810_463.wav,2025-07-30T15:08:10,environment,1.0,Normal,80.9,0.1,710.5,471.5,434.0
environment_20250730_150811_474.wav,2025-07-30T15:08:11,environment,0.9,Normal,80.7,0.1,471.5,710.5,401.0
environment_20250730_150812_462.wav,2025-07-30T15:08:12,environment,1.0,Normal,80.8,0.0,471.5,478.0,638.5
environment_20250730_150813_454.wav,2025-07-30T15:08:13,environment,1.0,Normal,80.9,0.1,471.5,473.0,689.0
environment_20250730_150814_478.wav,2025-07-30T15:08:14,environment,1.0,Normal,80.8,0.1,471.5,710.5,720.0
environment_20250730_150815_488.wav,2025-07-30T15:08:15,environment,1.0,Normal,80.7,0.1,710.0,471.5,438.5
environment_20250730_150816_482.wav,2025-07-30T15:08:16,environment,1.0,Normal,80.5,0.1,710.5,638.5,471.5
environment_20250730_150817_490.wav,2025-07-30T15:08:17,environment,1.0,Normal,80.9,0.1,710.5,707.0,706.5
environment_20250730_150818_478.wav,2025-07-30T15:08:18,environment,0.9,Normal,81.1,0.1,710.5,707.0,717.5
environment_20250730_150819_473.wav,2025-07-30T15:08:19,environment,1.0,Normal,81.0,0.1,477.5,471.5,717.5
environment_20250730_150820_477.wav,2025-07-30T15:08:20,environment,1.0,Normal,80.8,0.0,471.5,710.5,475.0
environment_20250730_150821_471.wav,2025-07-30T15:08:21,environment,1.0,Normal,80.9,0.0,690.5,707.0,696.5
environment_20250730_150822_481.wav,2025-07-30T15:08:22,environment,0.9,Normal,80.8,0.1,710.5,471.5,713.5
environment_20250730_150823_470.wav,2025-07-30T15:08:23,environment,0.9,Normal,80.5,0.1,710.5,401.5,471.5
environment_20250730_150824_464.wav,2025-07-30T15:08:24,environment,1.0,Normal,80.7,0.1,471.5,477.5,710.0
environment_20250730_150825_474.wav,2025-07-30T15:08:25,environment,1.0,Normal,80.8,0.0,471.5,720.5,628.5
environment_20250730_150826_466.wav,2025-07-30T15:08:26,environment,1.0,Normal,80.7,0.1,471.5,710.5,720.5
environment_20250730_150827_474.wav,2025-07-30T15:08:27,environment,1.0,Normal,81.1,0.1,710.0,475.0,471.5
environment_20250730_150828_466.wav,2025-07-30T15:08:28,environment,1.0,Normal,81.0,0.1,471.5,710.0,475.0
environment_20250730_150829_487.wav,2025-07-30T15:08:29,environment,1.0,Normal,80.7,0.1,710.5,471.5,711.5
environment_20250730_150830_483.wav,2025-07-30T15:08:30,environment,1.0,Normal,80.8,0.1,710.0,471.5,475.0
environment_20250730_150831_491.wav,2025-07-30T15:08:31,environment,1.0,Normal,80.6,0.1,471.5,710.5,638.5
environment_20250730_150832_482.wav,2025-07-30T15:08:32,environment,1.0,Normal,80.5,0.1,710.5,720.5,471.5
environment_20250730_150833_470.wav,2025-07-30T15:08:33,environment,1.0,Normal,80.6,0.1,720.5,710.5,419.5
environment_20250730_150834_481.wav,2025-07-30T15:08:34,environment,1.0,Normal,80.6,0.1,710.5,471.5,477.5
environment_20250730_150835_472.wav,2025-07-30T15:08:35,environment,1.0,Normal,80.9,0.1,711.0,471.5,706.5
environment_20250730_150836_479.wav,2025-07-30T15:08:36,environment,0.9,Normal,81.1,0.1,710.0,471.5,711.0
environment_20250730_150837_470.wav,2025-07-30T15:08:37,environment,0.9,Normal,80.9,0.1,471.5,710.0,720.5
environment_20250730_150838_468.wav,2025-07-30T15:08:38,environment,0.9,Normal,80.4,0.1,720.5,471.5,628.0
environment_20250730_150839_476.wav,2025-07-30T15:08:39,environment,1.0,Normal,80.7,0.1,471.5,404.5,475.0
environment_20250730_150840_466.wav,2025-07-30T15:08:40,environment,1.0,Normal,80.7,0.1,471.5,710.5,475.0
environment_20250730_150841_472.wav,2025-07-30T15:08:41,environment,0.9,Normal,80.5,0.1,471.5,475.0,619.5
environment_20250730_150842_465.wav,2025-07-30T15:08:42,environment,0.9,Normal,80.5,0.1,471.5,413.5,695.0
environment_20250730_150843_459.wav,2025-07-30T15:08:43,environment,1.0,Normal,80.8,0.1,471.5,710.0,477.5
environment_20250730_150844_482.wav,2025-07-30T15:08:44,environment,1.0,Normal,81.3,0.0,471.5,477.5,710.5
environment_20250730_150845_491.wav,2025-07-30T15:08:45,environment,1.0,Normal,81.1,0.1,711.0,717.0,411.0
environment_20250730_150846_484.wav,2025-07-30T15:08:46,environment,1.0,Normal,80.7,0.1,710.5,475.0,400.0
environment_20250730_150847_484.wav,2025-07-30T15:08:47,environment,0.9,Normal,80.6,0.1,717.5,710.5,471.5
environment_20250730_150848_482.wav,2025-07-30T15:08:48,environment,1.0,Normal,80.6,0.1,720.5,475.0,706.5
environment_20250730_150849_473.wav,2025-07-30T15:08:49,environment,1.0,Normal,81.0,0.1,710.0,710.5,475.0
environment_20250730_150850_481.wav,2025-07-30T15:08:50,environment,1.0,Normal,81.0,0.1,471.5,710.5,711.0
environment_20250730_150851_479.wav,2025-07-30T15:08:51,environment,1.0,Normal,80.9,0.0,471.5,710.0,475.0
environment_20250730_150852_484.wav,2025-07-30T15:08:52,environment,1.0,Normal,80.9,0.0,710.5,475.0,471.5
environment_20250730_150853_479.wav,2025-07-30T15:08:53,environment,0.9,Normal,80.7,0.1,710.5,419.5,475.0
environment_20250730_150854_471.wav,2025-07-30T15:08:54,environment,0.9,Normal,80.6,0.1,475.0,720.5,471.5
environment_20250730_150855_476.wav,2025-07-30T15:08:55,environment,1.0,Normal,80.8,0.1,717.5,471.5,710.0
environment_20250730_150856_467.wav,2025-07-30T15:08:56,environment,1.0,Normal,80.6,0.1,710.5,471.5,707.0
environment_20250730_150857_473.wav,2025-07-30T15:08:57,environment,1.0,Normal,80.5,0.1,710.0,713.5,720.5
environment_20250730_150858_463.wav,2025-07-30T15:08:58,environment,1.0,Normal,80.8,0.1,710.0,619.5,706.5
environment_20250730_150859_490.wav,2025-07-30T15:08:59,environment,1.0,Normal,81.0,0.1,710.5,471.5,706.5
environment_20250730_150900_486.wav,2025-07-30T15:09:00,environment,1.0,Normal,80.5,0.1,471.5,710.5,500.0
environment_20250730_150901_488.wav,2025-07-30T15:09:01,environment,1.0,Normal,80.5,0.1,710.0,418.0,720.5
environment_20250730_150902_485.wav,2025-07-30T15:09:02,environment,1.0,Normal,80.6,0.1,471.5,710.0,717.5
environment_20250730_150903_476.wav,2025-07-30T15:09:03,environment,1.0,Normal,80.8,0.1,471.5,710.5,717.0
environment_20250730_150904_486.wav,2025-07-30T15:09:04,environment,1.0,Normal,80.6,0.1,710.5,471.5,709.5
environment_20250730_150905_474.wav,2025-07-30T15:09:05,environment,1.0,Normal,80.3,0.1,710.5,471.5,709.5
environment_20250730_150906_479.wav,2025-07-30T15:09:06,environment,1.0,Normal,80.5,0.1,471.5,717.0,707.0
environment_20250730_150907_470.wav,2025-07-30T15:09:07,environment,1.0,Normal,80.8,0.1,707.0,471.5,477.5
environment_20250730_150908_467.wav,2025-07-30T15:09:08,environment,0.9,Normal,80.7,0.1,471.5,406.0,477.5
environment_20250730_150909_471.wav,2025-07-30T15:09:09,environment,0.9,Normal,80.4,0.1,471.5,710.5,713.5
environment_20250730_150910_467.wav,2025-07-30T15:09:10,environment,1.0,Normal,80.4,0.1,471.5,409.0,717.0
environment_20250730_150911_475.wav,2025-07-30T15:09:11,environment,1.0,Normal,80.4,0.0,471.5,710.5,717.5
environment_20250730_150912_461.wav,2025-07-30T15:09:12,environment,1.0,Normal,80.6,0.1,710.5,471.5,619.5
environment_20250730_150913_471.wav,2025-07-30T15:09:13,environment,0.9,Normal,80.7,0.1,710.5,471.5,710.0
environment_20250730_150914_477.wav,2025-07-30T15:09:14,environment,0.9,Normal,80.5,0.1,710.0,477.5,471.5
environment_20250730_150915_486.wav,2025-07-30T15:09:15,environment,1.0,Normal,80.6,0.1,471.5,710.0,477.5
environment_20250730_150916_481.wav,2025-07-30T15:09:16,environment,1.0,Normal,80.6,0.1,471.5,710.0,475.0
environment_20250730_150917_481.wav,2025-07-30T15:09:17,environment,1.0,Normal,80.5,0.1,471.5,475.0,710.5
environment_20250730_150918_476.wav,2025-07-30T15:09:18,environment,1.0,Normal,80.8,0.1,471.5,719.5,475.0
environment_20250730_150919_472.wav,2025-07-30T15:09:19,environment,1.0,Normal,80.5,0.1,471.5,717.0,717.5
environment_20250730_150920_483.wav,2025-07-30T15:09:20,environment,0.9,Normal,80.3,0.1,710.0,500.0,471.5
environment_20250730_150921_473.wav,2025-07-30T15:09:21,environment,1.0,Normal,80.5,0.1,471.5,587.0,710.5
environment_20250730_150922_477.wav,2025-07-30T15:09:22,environment,1.0,Normal,80.7,0.0,710.5,471.5,703.5
environment_20250730_150923_470.wav,2025-07-30T15:09:23,environment,0.9,Normal,80.5,0.1,710.0,475.0,471.5
environment_20250730_150924_466.wav,2025-07-30T15:09:24,environment,1.0,Normal,80.4,0.0,471.5,798.0,475.0
environment_20250730_150925_471.wav,2025-07-30T15:09:25,environment,1.0,Normal,80.4,0.0,471.5,710.0,706.0
environment_20250730_150926_463.wav,2025-07-30T15:09:26,environment,1.0,Normal,80.4,0.1,710.0,406.0,411.0
environment_20250730_150927_472.wav,2025-07-30T15:09:27,environment,1.0,Normal,80.5,0.1,471.5,710.5,401.5
environment_20250730_150928_465.wav,2025-07-30T15:09:28,environment,1.0,Normal,80.7,0.1,471.5,710.5,707.0
environment_20250730_150929_489.wav,2025-07-30T15:09:29,environment,1.0,Normal,81.0,0.0,706.5,475.0,477.5
environment_20250730_150930_483.wav,2025-07-30T15:09:30,environment,1.0,Normal,81.0,0.0,710.5,471.5,477.5
environment_20250730_150931_490.wav,2025-07-30T15:09:31,environment,0.9,Normal,81.0,0.1,471.5,475.0,500.0
environment_20250730_150932_476.wav,2025-07-30T15:09:32,environment,1.0,Normal,80.7,0.1,710.0,471.5,499.5
environment_20250730_150933_473.wav,2025-07-30T15:09:33,environment,1.0,Normal,80.4,0.1,471.5,707.0,710.0
environment_20250730_150934_482.wav,2025-07-30T15:09:34,environment,0.9,Normal,80.5,0.1,471.5,710.0,421.5
environment_20250730_150935_474.wav,2025-07-30T15:09:35,environment,0.9,Normal,80.7,0.1,709.5,477.5,403.0
environment_20250730_150936_482.wav,2025-07-30T15:09:36,environment,1.0,Normal,80.8,0.1,717.5,471.5,720.5
environment_20250730_150937_471.wav,2025-07-30T15:09:37,environment,1.0,Normal,80.9,0.0,717.5,471.5,710.0
environment_20250730_150938_481.wav,2025-07-30T15:09:38,environment,1.0,Normal,80.8,0.1,475.0,710.0,477.5
environment_20250730_150939_471.wav,2025-07-30T15:09:39,environment,1.0,Normal,80.6,0.1,475.0,706.0,471.5
environment_20250730_150940_466.wav,2025-07-30T15:09:40,environment,1.0,Normal,80.6,0.1,710.5,471.5,475.0
environment_20250730_150941_472.wav,2025-07-30T15:09:41,environment,1.0,Normal,80.8,0.1,710.5,471.5,708.0
environment_20250730_150942_460.wav,2025-07-30T15:09:42,environment,1.0,Normal,81.1,0.0,471.5,710.5,706.5
environment_20250730_150943_471.wav,2025-07-30T15:09:43,environment,1.0,Normal,80.9,0.1,471.5,710.0,720.5
environment_20250730_150944_482.wav,2025-07-30T15:09:44,environment,1.0,Normal,81.0,0.0,471.5,710.5,417.5
environment_20250730_150945_488.wav,2025-07-30T15:09:45,environment,1.0,Normal,81.0,0.0,710.0,471.5,438.5
environment_20250730_150946_480.wav,2025-07-30T15:09:46,environment,0.9,Normal,80.8,0.1,710.5,471.5,720.5
environment_20250730_150947_486.wav,2025-07-30T15:09:47,environment,0.9,Normal,80.8,0.1,706.5,717.5,638.5
gripper_20250730_145024_905.wav,2025-07-30T14:50:24,gripper,1.0,Normal,85.2,0.0,568.0,568.5,566.5
gripper_20250730_145025_897.wav,2025-07-30T14:50:25,gripper,1.0,Normal,83.5,0.1,732.0,716.0,718.0
gripper_20250730_145026_907.wav,2025-07-30T14:50:26,gripper,1.0,Normal,84.6,0.1,568.0,568.5,567.5
gripper_20250730_145027_893.wav,2025-07-30T14:50:27,gripper,1.0,Normal,85.3,0.0,568.0,568.5,567.5
gripper_20250730_145028_898.wav,2025-07-30T14:50:28,gripper,1.0,Normal,83.2,0.1,674.5,568.5,569.0
gripper_20250730_145029_892.wav,2025-07-30T14:50:29,gripper,1.0,Normal,84.5,0.1,568.5,568.0,569.0
gripper_20250730_145030_887.wav,2025-07-30T14:50:30,gripper,1.0,Normal,85.5,-0.0,568.0,568.5,799.5
gripper_20250730_145031_888.wav,2025-07-30T14:50:31,gripper,1.0,Normal,83.5,0.2,731.5,732.0,475.0
gripper_20250730_145032_888.wav,2025-07-30T14:50:32,gripper,1.0,Normal,84.5,0.2,568.0,568.5,567.5
gripper_20250730_145033_893.wav,2025-07-30T14:50:33,gripper,1.0,Normal,85.2,0.0,568.0,568.5,567.5
gripper_20250730_145034_883.wav,2025-07-30T14:50:34,gripper,1.0,Normal,83.1,0.1,673.0,670.0,567.5
gripper_20250730_145035_882.wav,2025-07-30T14:50:35,gripper,1.0,Normal,84.5,0.1,568.5,568.0,569.0
gripper_20250730_145036_882.wav,2025-07-30T14:50:36,gripper,1.0,Normal,85.6,0.1,568.5,568.0,566.5
gripper_20250730_145037_879.wav,2025-07-30T14:50:37,gripper,0.9,Normal,83.5,0.1,732.0,797.0,754.5
gripper_20250730_145038_903.wav,2025-07-30T14:50:38,gripper,1.0,Normal,84.8,0.1,568.0,568.5,567.5
gripper_20250730_145039_893.wav,2025-07-30T14:50:39,gripper,1.0,Normal,85.4,0.1,568.0,568.5,567.5
gripper_20250730_145040_901.wav,2025-07-30T14:50:40,gripper,1.0,Normal,83.1,0.1,718.5,733.5,675.5
gripper_20250730_145041_896.wav,2025-07-30T14:50:41,gripper,1.0,Normal,84.6,0.0,568.5,568.0,569.0
gripper_20250730_145042_904.wav,2025-07-30T14:50:42,gripper,1.0,Normal,85.5,0.0,568.5,568.0,566.5
gripper_20250730_145043_896.wav,2025-07-30T14:50:43,gripper,1.0,Normal,83.4,0.1,719.0,745.5,785.0
gripper_20250730_145044_885.wav,2025-07-30T14:50:44,gripper,1.0,Normal,84.6,0.1,568.5,567.5,568.0
gripper_20250730_145045_893.wav,2025-07-30T14:50:45,gripper,1.0,Normal,85.3,0.0,568.0,568.5,567.5
gripper_20250730_145046_886.wav,2025-07-30T14:50:46,gripper,1.0,Normal,83.5,0.1,568.0,568.5,567.5
gripper_20250730_145047_894.wav,2025-07-30T14:50:47,gripper,1.0,Normal,84.8,0.1,568.5,568.0,566.5
gripper_20250730_145048_886.wav,2025-07-30T14:50:48,gripper,1.0,Normal,85.4,0.0,568.0,568.5,566.5
gripper_20250730_145049_874.wav,2025-07-30T14:50:49,gripper,1.0,Normal,83.2,0.1,732.5,718.5,732.0
gripper_20250730_145050_885.wav,2025-07-30T14:50:50,gripper,1.0,Normal,84.5,0.1,568.0,568.5,567.5
gripper_20250730_145051_877.wav,2025-07-30T14:50:51,gripper,1.0,Normal,85.2,0.1,568.0,567.5,568.5
gripper_20250730_145052_886.wav,2025-07-30T14:50:52,gripper,0.9,Normal,83.2,0.2,692.0,715.0,721.0
gripper_20250730_145053_908.wav,2025-07-30T14:50:53,gripper,1.0,Normal,84.7,0.1,568.5,568.0,569.0
gripper_20250730_145054_901.wav,2025-07-30T14:50:54,gripper,1.0,Normal,85.3,0.1,568.0,568.5,566.5
gripper_20250730_145055_894.wav,2025-07-30T14:50:55,gripper,1.0,Normal,83.6,0.1,720.0,721.5,731.5
gripper_20250730_145056_901.wav,2025-07-30T14:50:56,gripper,1.0,Normal,84.8,0.1,568.0,568.5,567.5
gripper_20250730_145057_896.wav,2025-07-30T14:50:57,gripper,1.0,Normal,85.0,-0.0,568.0,568.5,567.5
gripper_20250730_145058_901.wav,2025-07-30T14:50:58,gripper,0.9,Normal,82.9,0.1,689.5,692.5,720.5
gripper_20250730_145059_893.wav,2025-07-30T14:50:59,gripper,1.0,Normal,84.4,0.1,568.5,568.0,566.5
gripper_20250730_145100_881.wav,2025-07-30T14:51:00,gripper,1.0,Normal,85.3,0.1,568.5,568.0,566.5
gripper_20250730_145101_891.wav,2025-07-30T14:51:01,gripper,1.0,Normal,83.4,0.2,790.0,716.5,721.5
gripper_20250730_145102_884.wav,2025-07-30T14:51:02,gripper,1.0,Normal,84.7,0.1,568.0,568.5,732.0
gripper_20250730_145103_892.wav,2025-07-30T14:51:03,gripper,1.0,Normal,85.2,0.1,568.0,568.5,567.5
gripper_20250730_145104_883.wav,2025-07-30T14:51:04,gripper,1.0,Normal,82.9,0.1,675.0,690.5,687.5
gripper_20250730_145105_874.wav,2025-07-30T14:51:05,gripper,1.0,Normal,84.4,0.2,568.5,568.0,566.5
gripper_20250730_145106_885.wav,2025-07-30T14:51:06,gripper,1.0,Normal,85.1,0.1,568.0,568.5,566.5
gripper_20250730_145107_878.wav,2025-07-30T14:51:07,gripper,1.0,Normal,83.4,0.1,722.5,717.5,720.5
gripper_20250730_145108_898.wav,2025-07-30T14:51:08,gripper,1.0,Normal,84.7,0.1,568.0,568.5,567.5
gripper_20250730_145109_891.wav,2025-07-30T14:51:09,gripper,1.0,Normal,85.0,0.1,568.0,568.5,567.5
gripper_20250730_145110_898.wav,2025-07-30T14:51:10,gripper,1.0,Normal,83.1,0.1,692.0,720.5,675.0
gripper_20250730_145111_892.wav,2025-07-30T14:51:11,gripper,1.0,Normal,84.8,0.1,568.0,568.5,566.5
gripper_20250730_145112_901.wav,2025-07-30T14:51:12,gripper,1.0,Normal,85.3,0.1,568.0,568.5,566.5
gripper_20250730_145113_891.wav,2025-07-30T14:51:13,gripper,1.0,Normal,83.5,0.1,720.0,732.0,471.5
gripper_20250730_145114_883.wav,2025-07-30T14:51:14,gripper,1.0,Normal,84.7,0.2,568.0,568.5,567.5
gripper_20250730_145115_890.wav,2025-07-30T14:51:15,gripper,1.0,Normal,84.9,0.0,568.0,568.5,567.5
gripper_20250730_145116_883.wav,2025-07-30T14:51:16,gripper,0.9,Normal,83.0,0.2,692.0,720.0,696.5
gripper_20250730_145117_895.wav,2025-07-30T14:51:17,gripper,1.0,Normal,84.8,0.2,568.0,568.5,566.5
gripper_20250730_145118_884.wav,2025-07-30T14:51:18,gripper,1.0,Normal,85.2,0.1,568.0,568.5,566.5
gripper_20250730_145119_891.wav,2025-07-30T14:51:19,gripper,1.0,Normal,83.2,0.1,784.5,719.5,732.5
gripper_20250730_145120_888.wav,2025-07-30T14:51:20,gripper,1.0,Normal,84.8,-0.0,568.0,568.5,567.5
gripper_20250730_145121_879.wav,2025-07-30T14:51:21,gripper,1.0,Normal,85.2,0.1,568.0,568.5,567.5
gripper_20250730_145122_885.wav,2025-07-30T14:51:22,gripper,1.0,Normal,83.0,0.1,675.0,716.5,733.0
gripper_20250730_145123_911.wav,2025-07-30T14:51:23,gripper,1.0,Normal,84.8,0.1,568.0,568.5,569.0
gripper_20250730_145124_902.wav,2025-07-30T14:51:24,gripper,1.0,Normal,85.2,0.1,568.0,568.5,566.5
gripper_20250730_145125_894.wav,2025-07-30T14:51:25,gripper,1.0,Normal,83.4,0.1,732.0,731.5,719.0
gripper_20250730_145126_897.wav,2025-07-30T14:51:26,gripper,1.0,Normal,84.9,0.0,568.0,567.5,568.5
gripper_20250730_145127_886.wav,2025-07-30T14:51:27,gripper,1.0,Normal,85.3,0.1,568.0,568.5,567.5
gripper_20250730_145128_901.wav,2025-07-30T14:51:28,gripper,1.0,Normal,83.2,0.2,687.0,693.5,676.5
gripper_20250730_145129_893.wav,2025-07-30T14:51:29,gripper,1.0,Normal,84.8,0.1,568.5,568.0,569.0
gripper_20250730_145130_886.wav,2025-07-30T14:51:30,gripper,1.0,Normal,85.2,0.1,568.0,568.5,566.5
gripper_20250730_145131_894.wav,2025-07-30T14:51:31,gripper,1.0,Normal,83.5,0.1,733.0,720.5,731.5
gripper_20250730_145132_887.wav,2025-07-30T14:51:32,gripper,1.0,Normal,84.9,0.1,568.0,568.5,567.5
gripper_20250730_145133_894.wav,2025-07-30T14:51:33,gripper,1.0,Normal,85.1,0.1,568.0,567.5,568.5
gripper_20250730_145134_882.wav,2025-07-30T14:51:34,gripper,0.9,Normal,83.3,0.2,707.0,722.5,670.5
gripper_20250730_145135_871.wav,2025-07-30T14:51:35,gripper,1.0,Normal,85.1,0.1,568.5,568.0,566.5
gripper_20250730_145136_882.wav,2025-07-30T14:51:36,gripper,1.0,Normal,85.4,-0.0,568.5,568.0,566.5
gripper_20250730_145137_879.wav,2025-07-30T14:51:37,gripper,1.0,Normal,83.4,0.1,719.0,471.5,733.0
gripper_20250730_145138_901.wav,2025-07-30T14:51:38,gripper,1.0,Normal,85.0,0.1,568.0,568.5,567.5
gripper_20250730_145139_895.wav,2025-07-30T14:51:39,gripper,1.0,Normal,85.1,0.1,568.0,568.5,567.5
gripper_20250730_145140_896.wav,2025-07-30T14:51:40,gripper,0.9,Normal,83.0,0.0,696.5,684.5,621.0
gripper_20250730_145141_894.wav,2025-07-30T14:51:41,gripper,1.0,Normal,84.8,0.1,568.0,568.5,567.5
gripper_20250730_145142_901.wav,2025-07-30T14:51:42,gripper,1.0,Normal,85.3,-0.0,568.0,568.5,566.5
gripper_20250730_145143_892.wav,2025-07-30T14:51:43,gripper,1.0,Normal,83.4,0.1,732.5,471.5,515.5
gripper_20250730_145144_899.wav,2025-07-30T14:51:44,gripper,1.0,Normal,84.9,0.1,568.0,568.5,567.5
gripper_20250730_145145_887.wav,2025-07-30T14:51:45,gripper,1.0,Normal,85.0,0.1,568.0,568.5,567.5
gripper_20250730_145146_884.wav,2025-07-30T14:51:46,gripper,1.0,Normal,82.8,0.1,722.0,707.0,720.5
gripper_20250730_145147_892.wav,2025-07-30T14:51:47,gripper,1.0,Normal,84.9,0.1,568.5,568.0,567.5
gripper_20250730_145148_883.wav,2025-07-30T14:51:48,gripper,1.0,Normal,85.3,0.1,568.0,568.5,566.5
gripper_20250730_145149_893.wav,2025-07-30T14:51:49,gripper,1.0,Normal,83.3,0.2,732.0,475.0,794.5
gripper_20250730_145150_884.wav,2025-07-30T14:51:50,gripper,1.0,Normal,85.0,0.1,568.0,567.5,568.5
gripper_20250730_145151_875.wav,2025-07-30T14:51:51,gripper,1.0,Normal,85.1,0.1,568.0,567.5,568.5
gripper_20250730_145152_886.wav,2025-07-30T14:51:52,gripper,1.0,Normal,82.9,0.0,720.5,674.5,693.0
gripper_20250730_145153_904.wav,2025-07-30T14:51:53,gripper,1.0,Normal,84.8,-0.1,568.0,568.5,566.5
gripper_20250730_145154_899.wav,2025-07-30T14:51:54,gripper,1.0,Normal,85.1,0.1,568.5,568.0,566.5
gripper_20250730_145155_891.wav,2025-07-30T14:51:55,gripper,1.0,Normal,83.2,0.1,732.0,471.5,858.0
gripper_20250730_145156_901.wav,2025-07-30T14:51:56,gripper,1.0,Normal,84.7,0.1,568.0,567.5,568.5
gripper_20250730_145157_893.wav,2025-07-30T14:51:57,gripper,1.0,Normal,84.7,0.1,568.0,567.5,568.5
gripper_20250730_145158_901.wav,2025-07-30T14:51:58,gripper,1.0,Normal,82.9,0.2,696.0,696.5,670.0
gripper_20250730_145159_896.wav,2025-07-30T14:51:59,gripper,1.0,Normal,85.1,0.1,568.0,568.5,566.5
gripper_20250730_145200_886.wav,2025-07-30T14:52:00,gripper,1.0,Normal,85.3,0.1,568.5,568.0,566.5
gripper_20250730_145201_889.wav,2025-07-30T14:52:01,gripper,1.0,Normal,83.6,-0.0,720.5,722.5,707.0
gripper_20250730_145202_886.wav,2025-07-30T14:52:02,gripper,1.0,Normal,85.1,0.1,568.0,567.5,568.5
gripper_20250730_145203_892.wav,2025-07-30T14:52:03,gripper,1.0,Normal,85.0,0.1,568.0,568.5,567.5
gripper_20250730_145204_883.wav,2025-07-30T14:52:04,gripper,1.0,Normal,83.3,0.1,690.0,683.0,697.5
gripper_20250730_145205_879.wav,2025-07-30T14:52:05,gripper,1.0,Normal,85.0,0.1,568.0,568.5,566.5
gripper_20250730_145206_886.wav,2025-07-30T14:52:06,gripper,1.0,Normal,85.2,0.1,568.5,568.0,566.5
gripper_20250730_145207_876.wav,2025-07-30T14:52:07,gripper,1.0,Normal,83.6,0.1,732.0,732.5,719.0
gripper_20250730_145208_898.wav,2025-07-30T14:52:08,gripper,1.0,Normal,85.1,0.0,568.0,567.5,568.5
gripper_20250730_145209_909.wav,2025-07-30T14:52:09,gripper,1.0,Normal,84.8,0.1,568.0,568.5,569.5
gripper_20250730_145210_896.wav,2025-07-30T14:52:10,gripper,1.0,Normal,83.2,0.1,673.0,704.0,689.5
gripper_20250730_145211_892.wav,2025-07-30T14:52:11,gripper,1.0,Normal,85.1,0.0,568.0,568.5,566.5
gripper_20250730_145212_896.wav,2025-07-30T14:52:12,gripper,1.0,Normal,84.9,0.1,568.5,568.0,566.5
gripper_20250730_145213_886.wav,2025-07-30T14:52:13,gripper,1.0,Normal,83.2,0.2,707.0,731.5,718.0
gripper_20250730_145214_899.wav,2025-07-30T14:52:14,gripper,1.0,Normal,85.1,0.1,568.0,568.5,567.5
gripper_20250730_145215_893.wav,2025-07-30T14:52:15,gripper,1.0,Normal,84.7,0.1,568.0,568.5,567.5
gripper_20250730_145216_882.wav,2025-07-30T14:52:16,gripper,1.0,Normal,82.8,0.1,671.0,706.0,675.5
gripper_20250730_145217_892.wav,2025-07-30T14:52:17,gripper,1.0,Normal,85.0,0.0,568.0,568.5,566.5
gripper_20250730_145218_886.wav,2025-07-30T14:52:18,gripper,1.0,Normal,85.0,0.1,568.0,568.5,566.5
gripper_20250730_145219_890.wav,2025-07-30T14:52:19,gripper,1.0,Normal,83.4,0.1,732.0,732.5,795.0
gripper_20250730_145220_887.wav,2025-07-30T14:52:20,gripper,1.0,Normal,85.1,0.0,568.0,568.5,567.5
gripper_20250730_145221_871.wav,2025-07-30T14:52:21,gripper,1.0,Normal,84.8,0.1,568.0,567.5,568.5
gripper_20250730_145222_883.wav,2025-07-30T14:52:22,gripper,1.0,Normal,83.0,0.1,676.0,692.0,689.5
gripper_20250730_145223_907.wav,2025-07-30T14:52:23,gripper,1.0,Normal,85.1,0.1,568.0,568.5,566.5
gripper_20250730_145224_900.wav,2025-07-30T14:52:24,gripper,1.0,Normal,85.0,0.1,568.5,568.0,566.5
gripper_20250730_145225_893.wav,2025-07-30T14:52:25,gripper,1.0,Normal,83.6,0.1,732.5,732.0,707.0
gripper_20250730_145226_900.wav,2025-07-30T14:52:26,gripper,1.0,Normal,85.3,0.0,568.0,568.5,567.5
gripper_20250730_145227_888.wav,2025-07-30T14:52:27,gripper,1.0,Normal,84.7,0.1,568.0,568.5,567.5
gripper_20250730_145228_903.wav,2025-07-30T14:52:28,gripper,1.0,Normal,83.0,0.1,692.0,675.5,682.5
gripper_20250730_145229_890.wav,2025-07-30T14:52:29,gripper,1.0,Normal,85.1,0.0,568.5,568.0,566.5
gripper_20250730_145230_886.wav,2025-07-30T14:52:30,gripper,1.0,Normal,84.9,0.1,568.0,568.5,566.5
gripper_20250730_145231_894.wav,2025-07-30T14:52:31,gripper,1.0,Normal,83.3,0.2,720.5,475.0,732.5
gripper_20250730_145232_883.wav,2025-07-30T14:52:32,gripper,1.0,Normal,85.2,0.1,568.0,567.5,568.5
gripper_20250730_145233_895.wav,2025-07-30T14:52:33,gripper,1.0,Normal,84.8,0.1,568.0,567.5,569.5
gripper_20250730_145234_886.wav,2025-07-30T14:52:34,gripper,1.0,Normal,83.0,0.1,695.5,692.0,690.5
gripper_20250730_145235_875.wav,2025-07-30T14:52:35,gripper,1.0,Normal,85.1,0.0,568.0,568.5,566.5
gripper_20250730_145236_883.wav,2025-07-30T14:52:36,gripper,1.0,Normal,84.9,0.1,568.0,568.5,569.0
gripper_20250730_145237_877.wav,2025-07-30T14:52:37,gripper,1.0,Normal,83.3,0.1,733.0,732.5,732.0
gripper_20250730_145238_900.wav,2025-07-30T14:52:38,gripper,1.0,Normal,85.1,0.0,568.0,568.5,567.5
gripper_20250730_145239_906.wav,2025-07-30T14:52:39,gripper,1.0,Normal,84.5,0.1,568.0,567.5,568.5
gripper_20250730_145240_897.wav,2025-07-30T14:52:40,gripper,1.0,Normal,82.9,0.0,677.0,690.0,671.0
gripper_20250730_145241_891.wav,2025-07-30T14:52:41,gripper,1.0,Normal,85.1,-0.0,568.5,568.0,566.5
gripper_20250730_145242_899.wav,2025-07-30T14:52:42,gripper,1.0,Normal,84.7,0.1,568.5,568.0,567.5
gripper_20250730_145243_895.wav,2025-07-30T14:52:43,gripper,1.0,Normal,83.2,0.1,720.5,475.0,732.0
gripper_20250730_145244_900.wav,2025-07-30T14:52:44,gripper,1.0,Normal,85.3,0.0,568.0,568.5,567.5
gripper_20250730_145245_888.wav,2025-07-30T14:52:45,gripper,1.0,Normal,84.6,0.1,568.0,567.5,568.5
gripper_20250730_145246_886.wav,2025-07-30T14:52:46,gripper,1.0,Normal,83.0,0.1,722.5,611.5,731.5
gripper_20250730_145247_891.wav,2025-07-30T14:52:47,gripper,1.0,Normal,85.2,0.0,568.0,568.5,566.5
gripper_20250730_145248_883.wav,2025-07-30T14:52:48,gripper,1.0,Normal,84.7,0.1,568.0,568.5,569.0
gripper_20250730_145249_891.wav,2025-07-30T14:52:49,gripper,1.0,Normal,83.0,-0.0,720.5,706.5,475.0
gripper_20250730_145250_886.wav,2025-07-30T14:52:50,gripper,1.0,Normal,85.2,0.0,568.0,568.5,567.5
gripper_20250730_145251_877.wav,2025-07-30T14:52:51,gripper,1.0,Normal,84.6,0.1,568.0,568.5,567.5
gripper_20250730_145252_882.wav,2025-07-30T14:52:52,gripper,1.0,Normal,83.1,0.0,676.0,670.5,718.0
gripper_20250730_145253_909.wav,2025-07-30T14:52:53,gripper,1.0,Normal,85.2,0.1,568.0,568.5,566.5
gripper_20250730_145254_903.wav,2025-07-30T14:52:54,gripper,1.0,Normal,84.7,0.1,568.0,568.5,567.5
gripper_20250730_145255_891.wav,2025-07-30T14:52:55,gripper,1.0,Normal,83.5,0.0,733.0,716.5,732.5
mast_20250730_143630_796.wav,2025-07-30T14:36:30,mast,0.9,Normal,81.4,0.1,718.0,471.5,475.0
mast_20250730_143631_805.wav,2025-07-30T14:36:31,mast,1.0,Normal,82.0,0.2,801.0,801.5,800.5
mast_20250730_143632_794.wav,2025-07-30T14:36:32,mast,1.0,Normal,85.2,0.1,798.5,799.0,798.0
mast_20250730_143633_797.wav,2025-07-30T14:36:33,mast,1.0,Normal,85.0,0.1,798.5,799.0,798.0
mast_20250730_143634_791.wav,2025-07-30T14:36:34,mast,1.0,Normal,81.2,0.2,707.5,475.0,711.5
mast_20250730_143635_786.wav,2025-07-30T14:36:35,mast,0.9,Normal,80.8,0.1,475.0,478.5,707.5
mast_20250730_143636_794.wav,2025-07-30T14:36:36,mast,1.0,Normal,83.8,0.1,801.0,800.5,800.0
mast_20250730_143637_784.wav,2025-07-30T14:36:37,mast,1.0,Normal,85.5,0.0,800.5,801.0,800.0
mast_20250730_143638_794.wav,2025-07-30T14:36:38,mast,1.0,Normal,83.6,0.2,799.5,800.0,799.0
mast_20250730_143639_790.wav,2025-07-30T14:36:39,mast,0.9,Normal,81.0,0.1,710.5,472.0,478.5
mast_20250730_143640_779.wav,2025-07-30T14:36:40,mast,0.9,Normal,81.2,0.1,720.5,717.0,475.0
mast_20250730_143641_786.wav,2025-07-30T14:36:41,mast,1.0,Normal,85.0,0.2,798.5,799.0,798.0
mast_20250730_143642_780.wav,2025-07-30T14:36:42,mast,1.0,Normal,85.1,0.0,798.5,799.0,798.0
mast_20250730_143643_787.wav,2025-07-30T14:36:43,mast,1.0,Normal,81.5,0.2,798.5,797.0,796.5
mast_20250730_143644_792.wav,2025-07-30T14:36:44,mast,0.9,Normal,80.7,0.1,710.5,471.5,707.0
mast_20250730_143645_797.wav,2025-07-30T14:36:45,mast,1.0,Normal,83.1,0.2,801.0,800.5,801.5
mast_20250730_143646_795.wav,2025-07-30T14:36:46,mast,1.0,Normal,85.4,0.1,800.5,801.0,800.0
mast_20250730_143647_805.wav,2025-07-30T14:36:47,mast,1.0,Normal,84.4,0.3,800.0,800.5,799.5
mast_20250730_143648_791.wav,2025-07-30T14:36:48,mast,1.0,Normal,81.7,0.1,710.0,478.5,718.0
mast_20250730_143649_788.wav,2025-07-30T14:36:49,mast,1.0,Normal,81.7,0.1,710.5,478.5,718.0
mast_20250730_143650_790.wav,2025-07-30T14:36:50,mast,1.0,Normal,84.7,0.2,799.0,798.5,799.5
mast_20250730_143651_785.wav,2025-07-30T14:36:51,mast,1.0,Normal,85.3,-0.0,798.5,799.0,798.0
mast_20250730_143652_794.wav,2025-07-30T14:36:52,mast,1.0,Normal,82.2,0.2,798.5,798.0,797.5
mast_20250730_143653_785.wav,2025-07-30T14:36:53,mast,0.9,Normal,80.5,0.1,471.5,720.5,720.0
mast_20250730_143654_776.wav,2025-07-30T14:36:54,mast,1.0,Normal,82.0,0.2,799.5,801.0,800.0
mast_20250730_143655_783.wav,2025-07-30T14:36:55,mast,1.0,Normal,85.5,0.1,800.5,801.0,800.0
mast_20250730_143656_775.wav,2025-07-30T14:36:56,mast,1.0,Normal,85.0,0.2,800.5,800.0,801.0
mast_20250730_143657_788.wav,2025-07-30T14:36:57,mast,1.0,Normal,81.4,0.1,710.0,620.0,711.0
mast_20250730_143658_777.wav,2025-07-30T14:36:58,mast,1.0,Normal,81.4,0.1,471.5,710.5,720.5
mast_20250730_143659_800.wav,2025-07-30T14:36:59,mast,1.0,Normal,84.0,0.2,799.5,800.0,799.0
mast_20250730_143700_794.wav,2025-07-30T14:37:00,mast,1.0,Normal,85.5,-0.0,798.5,799.0,798.0
mast_20250730_143701_799.wav,2025-07-30T14:37:01,mast,1.0,Normal,83.6,0.2,798.5,798.0,799.0
mast_20250730_143702_794.wav,2025-07-30T14:37:02,environment,0.5,Normal,80.9,0.1,710.5,718.0,483.5
mast_20250730_143703_797.wav,2025-07-30T14:37:03,mast,1.0,Normal,81.5,0.2,710.5,764.0,799.0
mast_20250730_143704_791.wav,2025-07-30T14:37:04,mast,1.0,Normal,85.5,-0.1,800.5,801.0,800.0
mast_20250730_143705_785.wav,2025-07-30T14:37:05,mast,1.0,Normal,85.5,0.2,800.5,801.0,800.0
mast_20250730_143706_788.wav,2025-07-30T14:37:06,mast,1.0,Normal,81.4,0.1,790.0,710.5,620.0
mast_20250730_143707_781.wav,2025-07-30T14:37:07,mast,1.0,Normal,80.5,0.1,710.5,639.0,475.0
mast_20250730_143708_795.wav,2025-07-30T14:37:08,mast,1.0,Normal,83.2,0.2,800.5,800.0,799.5
mast_20250730_143709_786.wav,2025-07-30T14:37:09,mast,1.0,Normal,85.4,0.0,798.5,799.0,798.0
mast_20250730_143710_775.wav,2025-07-30T14:37:10,mast,1.0,Normal,83.9,-0.0,798.5,798.0,799.0
mast_20250730_143711_784.wav,2025-07-30T14:37:11,mast,0.8,Normal,80.9,0.1,710.5,712.0,717.5
mast_20250730_143712_774.wav,2025-07-30T14:37:12,mast,0.7,Normal,81.1,0.2,710.5,411.5,475.0
mast_20250730_143713_787.wav,2025-07-30T14:37:13,mast,1.0,Normal,85.0,0.2,800.5,801.0,800.0
mast_20250730_143714_794.wav,2025-07-30T14:37:14,mast,1.0,Normal,85.4,0.1,800.5,801.0,800.0
mast_20250730_143715_802.wav,2025-07-30T14:37:15,mast,1.0,Normal,81.8,0.2,795.5,796.5,794.5
mast_20250730_143716_791.wav,2025-07-30T14:37:16,mast,0.8,Normal,80.9,0.1,720.5,471.5,710.0
mast_20250730_143717_803.wav,2025-07-30T14:37:17,mast,1.0,Normal,82.7,0.2,800.5,801.0,801.5
mast_20250730_143718_794.wav,2025-07-30T14:37:18,mast,1.0,Normal,85.4,0.0,798.5,799.0,798.0
mast_20250730_143719_787.wav,2025-07-30T14:37:19,mast,1.0,Normal,84.6,0.1,798.5,798.0,799.0
mast_20250730_143720_791.wav,2025-07-30T14:37:20,mast,0.8,Normal,81.1,0.2,710.5,711.0,475.0
mast_20250730_143721_783.wav,2025-07-30T14:37:21,mast,0.9,Normal,80.8,0.2,720.5,710.5,471.5
mast_20250730_143722_787.wav,2025-07-30T14:37:22,mast,1.0,Normal,84.8,0.1,800.5,801.0,800.0
mast_20250730_143723_782.wav,2025-07-30T14:37:23,mast,1.0,Normal,85.7,-0.0,800.5,801.0,800.0
mast_20250730_143724_789.wav,2025-07-30T14:37:24,mast,1.0,Normal,83.0,0.2,798.5,798.0,799.0
mast_20250730_143725_786.wav,2025-07-30T14:37:25,mast,0.8,Normal,81.2,0.0,479.0,478.5,578.0
mast_20250730_143726_774.wav,2025-07-30T14:37:26,mast,1.0,Normal,81.9,0.2,801.0,800.5,801.5
mast_20250730_143727_784.wav,2025-07-30T14:37:27,mast,1.0,Normal,85.2,0.1,798.5,799.0,798.0
mast_20250730_143728_772.wav,2025-07-30T14:37:28,mast,1.0,Normal,84.8,0.1,798.5,799.0,798.0
mast_20250730_143729_801.wav,2025-07-30T14:37:29,mast,0.9,Normal,81.0,0.2,710.0,471.5,639.0
mast_20250730_143730_794.wav,2025-07-30T14:37:30,mast,0.9,Normal,80.6,0.2,478.5,596.5,710.5
mast_20250730_143731_799.wav,2025-07-30T14:37:31,mast,1.0,Normal,84.0,0.1,800.5,801.0,800.0
mast_20250730_143732_792.wav,2025-07-30T14:37:32,mast,1.0,Normal,85.5,0.0,800.5,801.0,800.0
mast_20250730_143733_796.wav,2025-07-30T14:37:33,mast,1.0,Normal,83.5,0.2,799.0,799.5,800.0
mast_20250730_143734_791.wav,2025-07-30T14:37:34,mast,0.8,Normal,81.0,0.1,478.5,471.5,429.5
mast_20250730_143735_786.wav,2025-07-30T14:37:35,mast,1.0,Normal,81.5,0.2,710.0,478.5,794.0
mast_20250730_143736_790.wav,2025-07-30T14:37:36,mast,1.0,Normal,85.1,0.1,798.5,799.0,798.0
mast_20250730_143737_785.wav,2025-07-30T14:37:37,mast,1.0,Normal,85.0,0.1,798.5,799.0,798.0
mast_20250730_143738_787.wav,2025-07-30T14:37:38,mast,1.0,Normal,81.4,0.2,798.5,798.0,796.5
mast_20250730_143739_787.wav,2025-07-30T14:37:39,mast,0.8,Normal,81.1,0.1,471.5,620.0,710.0
mast_20250730_143740_772.wav,2025-07-30T14:37:40,mast,1.0,Normal,83.6,0.1,800.5,801.0,800.0
mast_20250730_143741_783.wav,2025-07-30T14:37:41,mast,1.0,Normal,85.5,0.1,800.5,801.0,800.0
mast_20250730_143742_779.wav,2025-07-30T14:37:42,mast,1.0,Normal,84.1,0.2,800.0,800.5,799.5
mast_20250730_143743_779.wav,2025-07-30T14:37:43,mast,0.8,Normal,81.0,0.2,620.0,798.5,710.0
mast_20250730_143744_791.wav,2025-07-30T14:37:44,mast,1.0,Normal,81.1,0.2,710.5,639.0,719.0
mast_20250730_143745_802.wav,2025-07-30T14:37:45,mast,1.0,Normal,84.7,0.2,799.0,798.5,798.0
mast_20250730_143746_795.wav,2025-07-30T14:37:46,mast,1.0,Normal,85.1,0.0,798.5,799.0,798.0
mast_20250730_143747_802.wav,2025-07-30T14:37:47,mast,1.0,Normal,81.7,0.2,797.0,797.5,799.0
mast_20250730_143748_792.wav,2025-07-30T14:37:48,environment,0.6,Normal,80.9,0.1,710.5,620.0,709.5
mast_20250730_143749_796.wav,2025-07-30T14:37:49,mast,1.0,Normal,82.7,0.2,801.0,800.5,800.0
mast_20250730_143750_795.wav,2025-07-30T14:37:50,mast,1.0,Normal,85.7,-0.1,800.5,801.0,800.0
mast_20250730_143751_781.wav,2025-07-30T14:37:51,mast,1.0,Normal,85.0,0.2,800.5,800.0,801.0
mast_20250730_143752_792.wav,2025-07-30T14:37:52,mast,0.9,Normal,81.3,0.1,710.0,620.0,611.5
mast_20250730_143753_784.wav,2025-07-30T14:37:53,mast,0.9,Normal,81.4,0.1,710.0,478.5,798.5
mast_20250730_143754_793.wav,2025-07-30T14:37:54,mast,1.0,Normal,84.1,0.2,799.5,799.0,800.0
mast_20250730_143755_784.wav,2025-07-30T14:37:55,mast,1.0,Normal,85.2,-0.0,798.5,799.0,798.0
mast_20250730_143756_777.wav,2025-07-30T14:37:56,mast,1.0,Normal,83.0,0.2,798.0,798.5,797.5
mast_20250730_143757_784.wav,2025-07-30T14:37:57,mast,0.9,Normal,80.9,0.1,710.5,710.0,471.5
mast_20250730_143758_777.wav,2025-07-30T14:37:58,mast,1.0,Normal,81.4,0.2,798.5,710.0,801.0
mast_20250730_143759_803.wav,2025-07-30T14:37:59,mast,1.0,Normal,85.5,0.1,800.5,801.0,800.0
mast_20250730_143800_796.wav,2025-07-30T14:38:00,mast,1.0,Normal,85.4,0.2,800.5,800.0,801.0
mast_20250730_143801_801.wav,2025-07-30T14:38:01,mast,1.0,Normal,81.7,0.1,710.5,784.0,781.0
mast_20250730_143802_790.wav,2025-07-30T14:38:02,mast,0.9,Normal,81.0,0.1,471.5,720.5,416.5
mast_20250730_143803_794.wav,2025-07-30T14:38:03,mast,1.0,Normal,83.6,0.3,800.0,799.5,800.5
mast_20250730_143804_791.wav,2025-07-30T14:38:04,mast,1.0,Normal,85.4,0.1,798.5,799.0,798.0
mast_20250730_143805_782.wav,2025-07-30T14:38:05,mast,1.0,Normal,83.5,0.1,798.0,798.5,799.0
mast_20250730_143806_793.wav,2025-07-30T14:38:06,environment,0.6,Normal,80.5,0.0,720.5,710.5,475.0
mast_20250730_143807_785.wav,2025-07-30T14:38:07,mast,1.0,Normal,80.8,0.1,471.5,748.5,734.0
mast_20250730_143808_795.wav,2025-07-30T14:38:08,mast,1.0,Normal,85.1,0.0,800.5,801.0,800.0
mast_20250730_143809_786.wav,2025-07-30T14:38:09,mast,1.0,Normal,85.4,0.1,800.5,801.0,800.0
mast_20250730_143810_775.wav,2025-07-30T14:38:10,mast,1.0,Normal,81.9,0.2,796.0,795.0,798.5
mast_20250730_143811_786.wav,2025-07-30T14:38:11,mast,0.9,Normal,81.0,0.0,471.5,713.0,620.0
mast_20250730_143812_776.wav,2025-07-30T14:38:12,mast,1.0,Normal,82.8,0.2,801.0,800.5,800.0
mast_20250730_143813_782.wav,2025-07-30T14:38:13,mast,1.0,Normal,85.4,0.0,798.5,799.0,798.0
mast_20250730_143814_810.wav,2025-07-30T14:38:14,mast,1.0,Normal,84.3,0.1,798.5,798.0,799.0
mast_20250730_143815_803.wav,2025-07-30T14:38:15,mast,0.9,Normal,80.5,0.1,471.5,475.0,798.5
mast_20250730_143816_791.wav,2025-07-30T14:38:16,mast,0.9,Normal,80.6,0.2,471.5,415.0,475.0
mast_20250730_143817_798.wav,2025-07-30T14:38:17,mast,1.0,Normal,84.7,0.1,800.5,801.0,800.0
mast_20250730_143818_790.wav,2025-07-30T14:38:18,mast,1.0,Normal,85.5,0.1,800.5,801.0,800.0
mast_20250730_143819_796.wav,2025-07-30T14:38:19,mast,1.0,Normal,82.7,0.2,797.5,798.0,797.0
mast_20250730_143820_785.wav,2025-07-30T14:38:20,mast,0.7,Normal,81.3,0.1,471.5,478.5,620.0
mast_20250730_143821_783.wav,2025-07-30T14:38:21,mast,1.0,Normal,82.4,0.2,801.0,800.5,801.5
mast_20250730_143822_792.wav,2025-07-30T14:38:22,mast,1.0,Normal,85.4,0.1,798.5,799.0,798.0
mast_20250730_143823_784.wav,2025-07-30T14:38:23,mast,1.0,Normal,84.8,0.1,798.5,798.0,799.0
mast_20250730_143824_791.wav,2025-07-30T14:38:24,mast,1.0,Normal,81.0,0.2,710.5,720.5,707.0
mast_20250730_143825_787.wav,2025-07-30T14:38:25,mast,0.9,Normal,80.6,0.1,718.0,707.5,798.5
mast_20250730_143826_771.wav,2025-07-30T14:38:26,mast,1.0,Normal,84.5,0.1,800.5,801.0,800.0
mast_20250730_143827_784.wav,2025-07-30T14:38:27,mast,1.0,Normal,85.9,0.0,800.5,801.0,800.0
mast_20250730_143828_778.wav,2025-07-30T14:38:28,mast,1.0,Normal,83.3,0.2,799.0,799.5,800.0
mast_20250730_143829_794.wav,2025-07-30T14:38:29,mast,0.9,Normal,81.0,0.1,710.0,471.5,718.0
mast_20250730_143830_794.wav,2025-07-30T14:38:30,mast,1.0,Normal,81.9,0.2,471.5,796.5,799.5
mast_20250730_143831_804.wav,2025-07-30T14:38:31,mast,1.0,Normal,85.2,0.1,798.5,799.0,798.0
mast_20250730_143832_788.wav,2025-07-30T14:38:32,mast,1.0,Normal,84.9,0.1,798.5,799.0,798.0
mast_20250730_143833_799.wav,2025-07-30T14:38:33,mast,1.0,Normal,81.0,0.1,471.5,710.5,783.5
mast_20250730_143834_794.wav,2025-07-30T14:38:34,mast,0.9,Normal,80.7,0.1,471.5,707.0,478.5
mast_20250730_143835_782.wav,2025-07-30T14:38:35,mast,1.0,Normal,83.7,0.2,801.0,800.5,800.0
mast_20250730_143836_793.wav,2025-07-30T14:38:36,mast,1.0,Normal,85.6,0.0,800.5,801.0,800.0
mast_20250730_143837_781.wav,2025-07-30T14:38:37,mast,1.0,Normal,83.8,0.2,800.0,799.5,800.5
mast_20250730_143838_794.wav,2025-07-30T14:38:38,mast,0.7,Normal,80.9,0.2,707.0,471.5,710.5
mast_20250730_143839_785.wav,2025-07-30T14:38:39,mast,1.0,Normal,81.3,0.1,798.5,471.5,710.5
mast_20250730_143840_778.wav,2025-07-30T14:38:40,mast,1.0,Normal,84.8,0.2,798.5,799.0,798.0
mast_20250730_143841_781.wav,2025-07-30T14:38:41,mast,1.0,Normal,85.2,-0.0,798.5,799.0,798.0
mast_20250730_143842_777.wav,2025-07-30T14:38:42,mast,1.0,Normal,81.8,0.2,798.5,797.5,797.0
mast_20250730_143843_784.wav,2025-07-30T14:38:43,mast,0.6,Normal,80.9,0.1,478.5,471.5,718.0
mast_20250730_143844_809.wav,2025-07-30T14:38:44,mast,1.0,Normal,83.4,0.1,801.0,800.5,801.5
mast_20250730_143845_802.wav,2025-07-30T14:38:45,mast,1.0,Normal,85.9,-0.0,800.5,801.0,800.0
mast_20250730_143846_792.wav,2025-07-30T14:38:46,mast,1.0,Normal,84.8,0.2,800.5,800.0,801.0
mast_20250730_143847_802.wav,2025-07-30T14:38:47,mast,0.8,Normal,81.3,0.1,710.0,471.5,707.5
mast_20250730_143848_790.wav,2025-07-30T14:38:48,mast,1.0,Normal,81.1,0.2,471.5,710.5,798.5
mast_20250730_143849_801.wav,2025-07-30T14:38:49,mast,1.0,Normal,84.2,0.2,799.0,799.5,798.0
mast_20250730_143850_794.wav,2025-07-30T14:38:50,mast,1.0,Normal,85.1,0.0,798.5,799.0,798.0
mast_20250730_143851_784.wav,2025-07-30T14:38:51,mast,1.0,Normal,82.6,0.1,798.0,797.5,799.0
mast_20250730_143852_790.wav,2025-07-30T14:38:52,mast,0.9,Normal,81.0,0.1,720.5,710.5,471.5
mast_20250730_143853_782.wav,2025-07-30T14:38:53,mast,1.0,Normal,82.0,0.1,798.5,800.5,800.0
mast_20250730_143854_793.wav,2025-07-30T14:38:54,mast,1.0,Normal,85.4,0.1,800.5,801.0,800.0
mast_20250730_143855_782.wav,2025-07-30T14:38:55,mast,1.0,Normal,85.1,0.2,800.5,800.0,801.0
mast_20250730_143856_775.wav,2025-07-30T14:38:56,mast,1.0,Normal,81.3,0.1,779.0,710.0,708.5
mast_20250730_143857_785.wav,2025-07-30T14:38:57,mast,1.0,Normal,81.0,0.1,710.5,471.5,718.0
mast_20250730_143858_775.wav,2025-07-30T14:38:58,mast,1.0,Normal,83.5,0.2,800.0,799.5,800.5
mast_20250730_143859_799.wav,2025-07-30T14:38:59,mast,1.0,Normal,85.1,-0.0,798.5,799.0,798.0
shuttle_20250730_150413_837.wav,2025-07-30T15:04:13,shuttle,1.0,Normal,87.0,0.1,798.5,755.5,798.0
shuttle_20250730_150414_832.wav,2025-07-30T15:04:14,shuttle,1.0,Normal,87.0,0.0,772.5,773.0,782.0
shuttle_20250730_150415_840.wav,2025-07-30T15:04:15,shuttle,1.0,Normal,87.4,-0.0,772.5,773.0,762.5
shuttle_20250730_150416_830.wav,2025-07-30T15:04:16,shuttle,1.0,Normal,87.1,0.0,786.0,745.0,764.5
shuttle_20250730_150417_826.wav,2025-07-30T15:04:17,shuttle,1.0,Normal,86.8,-0.0,755.5,785.0,767.0
shuttle_20250730_150418_831.wav,2025-07-30T15:04:18,shuttle,1.0,Normal,87.2,0.1,772.5,782.0,773.0
shuttle_20250730_150419_823.wav,2025-07-30T15:04:19,shuttle,1.0,Normal,87.7,0.0,791.0,806.5,794.5
shuttle_20250730_150420_831.wav,2025-07-30T15:04:20,shuttle,1.0,Normal,87.0,0.2,764.5,798.5,821.0
shuttle_20250730_150421_824.wav,2025-07-30T15:04:21,shuttle,1.0,Normal,86.7,0.0,767.5,772.0,834.0
shuttle_20250730_150422_819.wav,2025-07-30T15:04:22,shuttle,1.0,Normal,87.0,0.1,773.0,772.5,782.0
shuttle_20250730_150423_828.wav,2025-07-30T15:04:23,shuttle,1.0,Normal,87.5,0.0,796.0,794.5,803.0
shuttle_20250730_150424_815.wav,2025-07-30T15:04:24,shuttle,1.0,Normal,87.0,0.1,819.0,767.0,789.5
shuttle_20250730_150425_827.wav,2025-07-30T15:04:25,shuttle,1.0,Normal,86.7,-0.0,764.0,764.5,798.5
shuttle_20250730_150426_813.wav,2025-07-30T15:04:26,shuttle,1.0,Normal,87.0,0.2,782.0,795.0,762.5
shuttle_20250730_150427_844.wav,2025-07-30T15:04:27,shuttle,1.0,Normal,87.7,-0.0,786.0,790.0,805.5
shuttle_20250730_150428_833.wav,2025-07-30T15:04:28,shuttle,1.0,Normal,86.9,0.1,758.0,767.0,799.0
shuttle_20250730_150429_840.wav,2025-07-30T15:04:29,shuttle,1.0,Normal,86.7,0.1,767.0,766.5,825.5
shuttle_20250730_150430_836.wav,2025-07-30T15:04:30,shuttle,1.0,Normal,87.3,0.2,772.5,806.0,791.0
shuttle_20250730_150431_822.wav,2025-07-30T15:04:31,shuttle,1.0,Anomaly,88.3,,805.5,786.0,798.0
shuttle_20250730_150432_831.wav,2025-07-30T15:04:32,shuttle,1.0,Normal,87.0,0.2,757.0,803.5,758.5
shuttle_20250730_150433_822.wav,2025-07-30T15:04:33,shuttle,1.0,Normal,86.3,0.2,764.0,898.0,768.0
shuttle_20250730_150434_831.wav,2025-07-30T15:04:34,shuttle,1.0,Normal,87.2,0.1,782.0,772.5,806.0
shuttle_20250730_150435_827.wav,2025-07-30T15:04:35,shuttle,1.0,Anomaly,88.0,,795.0,795.5,805.0
shuttle_20250730_150436_821.wav,2025-07-30T15:04:36,shuttle,1.0,Normal,86.9,0.2,789.5,784.5,790.0
shuttle_20250730_150437_822.wav,2025-07-30T15:04:37,shuttle,1.0,Normal,86.8,0.1,763.0,773.0,767.0
shuttle_20250730_150438_812.wav,2025-07-30T15:04:38,shuttle,1.0,Normal,87.3,0.1,806.0,772.5,795.0
shuttle_20250730_150439_825.wav,2025-07-30T15:04:39,shuttle,1.0,Normal,87.9,0.1,772.0,784.0,789.5
shuttle_20250730_150440_819.wav,2025-07-30T15:04:40,shuttle,1.0,Normal,87.1,0.1,771.5,767.0,772.0
shuttle_20250730_150441_827.wav,2025-07-30T15:04:41,shuttle,1.0,Normal,86.4,0.0,760.0,796.0,801.5
shuttle_20250730_150442_830.wav,2025-07-30T15:04:42,shuttle,1.0,Normal,87.1,0.2,772.5,795.5,795.0
shuttle_20250730_150443_840.wav,2025-07-30T15:04:43,shuttle,1.0,Normal,87.8,0.0,777.0,785.5,803.5
shuttle_20250730_150444_829.wav,2025-07-30T15:04:44,shuttle,1.0,Normal,87.0,-0.0,777.0,790.0,767.0
shuttle_20250730_150445_841.wav,2025-07-30T15:04:45,shuttle,1.0,Normal,86.7,0.1,772.5,806.5,756.5
shuttle_20250730_150446_830.wav,2025-07-30T15:04:46,shuttle,1.0,Normal,87.2,0.1,772.5,805.5,806.0
shuttle_20250730_150447_827.wav,2025-07-30T15:04:47,shuttle,1.0,Normal,87.4,0.0,798.0,789.5,764.5
shuttle_20250730_150448_833.wav,2025-07-30T15:04:48,shuttle,1.0,Normal,87.0,0.2,798.5,767.0,839.0
shuttle_20250730_150449_826.wav,2025-07-30T15:04:49,shuttle,1.0,Normal,87.0,0.1,772.5,773.0,762.5
shuttle_20250730_150450_831.wav,2025-07-30T15:04:50,shuttle,1.0,Normal,87.2,0.1,773.0,762.5,772.5
shuttle_20250730_150451_827.wav,2025-07-30T15:04:51,shuttle,1.0,Normal,87.3,0.0,803.5,767.0,839.5
shuttle_20250730_150452_816.wav,2025-07-30T15:04:52,shuttle,1.0,Normal,87.0,0.1,755.5,767.0,804.0
shuttle_20250730_150453_828.wav,2025-07-30T15:04:53,shuttle,1.0,Normal,86.8,0.0,772.5,806.0,806.5
shuttle_20250730_150454_817.wav,2025-07-30T15:04:54,shuttle,1.0,Normal,87.2,0.0,773.0,790.5,795.0
shuttle_20250730_150455_824.wav,2025-07-30T15:04:55,shuttle,1.0,Normal,87.3,0.2,755.5,790.0,789.5
shuttle_20250730_150456_817.wav,2025-07-30T15:04:56,shuttle,1.0,Normal,87.0,0.1,771.5,767.5,755.5
shuttle_20250730_150457_841.wav,2025-07-30T15:04:57,shuttle,1.0,Normal,87.0,0.1,782.0,772.5,806.0
shuttle_20250730_150458_836.wav,2025-07-30T15:04:58,shuttle,1.0,Normal,87.6,0.0,806.0,802.0,791.0
shuttle_20250730_150459_842.wav,2025-07-30T15:04:59,shuttle,1.0,Normal,86.9,0.2,789.5,803.5,767.0
shuttle_20250730_150500_832.wav,2025-07-30T15:05:00,shuttle,1.0,Normal,86.6,0.1,772.5,777.0,798.5
shuttle_20250730_150501_822.wav,2025-07-30T15:05:01,shuttle,1.0,Normal,86.9,0.2,782.0,772.5,806.0
shuttle_20250730_150502_833.wav,2025-07-30T15:05:02,shuttle,1.0,Normal,87.6,0.0,807.5,762.0,807.0
shuttle_20250730_150503_822.wav,2025-07-30T15:05:03,shuttle,1.0,Normal,86.9,0.2,777.0,755.5,804.0
shuttle_20250730_150504_831.wav,2025-07-30T15:05:04,shuttle,1.0,Normal,86.7,0.2,763.5,767.0,767.5
shuttle_20250730_150505_822.wav,2025-07-30T15:05:05,shuttle,1.0,Normal,87.1,0.1,795.0,806.0,772.5
shuttle_20250730_150506_835.wav,2025-07-30T15:05:06,shuttle,1.0,Anomaly,88.1,,795.5,785.5,801.0
shuttle_20250730_150507_824.wav,2025-07-30T15:05:07,shuttle,1.0,Normal,87.1,0.1,771.5,777.0,805.0
shuttle_20250730_150508_816.wav,2025-07-30T15:05:08,shuttle,1.0,Normal,86.4,0.1,768.5,773.0,767.0
shuttle_20250730_150509_826.wav,2025-07-30T15:05:09,shuttle,1.0,Normal,87.2,0.2,772.5,782.0,791.0
shuttle_20250730_150510_819.wav,2025-07-30T15:05:10,shuttle,1.0,Anomaly,88.2,,814.5,790.5,786.0
shuttle_20250730_150511_825.wav,2025-07-30T15:05:11,shuttle,1.0,Normal,87.1,0.2,777.0,771.5,754.0
shuttle_20250730_150512_834.wav,2025-07-30T15:05:12,shuttle,1.0,Normal,86.6,0.0,773.0,772.5,806.5
shuttle_20250730_150513_843.wav,2025-07-30T15:05:13,shuttle,1.0,Normal,86.9,0.1,773.0,806.0,772.5
shuttle_20250730_150514_830.wav,2025-07-30T15:05:14,shuttle,1.0,Normal,87.5,0.1,790.0,785.5,831.0
shuttle_20250730_150515_842.wav,2025-07-30T15:05:15,shuttle,1.0,Normal,86.9,0.2,790.0,777.0,798.5
shuttle_20250730_150516_831.wav,2025-07-30T15:05:16,shuttle,1.0,Normal,86.4,0.1,795.0,767.5,772.5
shuttle_20250730_150517_825.wav,2025-07-30T15:05:17,shuttle,1.0,Normal,87.1,0.1,773.0,772.5,791.0
shuttle_20250730_150518_831.wav,2025-07-30T15:05:18,shuttle,1.0,Normal,87.9,0.1,790.0,785.5,815.5
shuttle_20250730_150519_825.wav,2025-07-30T15:05:19,shuttle,1.0,Normal,87.2,0.1,755.5,790.0,789.5
shuttle_20250730_150520_831.wav,2025-07-30T15:05:20,shuttle,1.0,Normal,86.3,0.0,749.5,773.0,795.0
shuttle_20250730_150521_821.wav,2025-07-30T15:05:21,shuttle,1.0,Normal,86.9,0.1,772.5,791.0,795.0
shuttle_20250730_150522_817.wav,2025-07-30T15:05:22,shuttle,1.0,Normal,87.6,0.1,771.5,768.5,819.0
shuttle_20250730_150523_821.wav,2025-07-30T15:05:23,shuttle,1.0,Normal,87.1,0.1,761.5,749.0,771.5
shuttle_20250730_150524_818.wav,2025-07-30T15:05:24,shuttle,1.0,Normal,86.9,0.1,772.5,782.0,795.0
shuttle_20250730_150525_826.wav,2025-07-30T15:05:25,shuttle,1.0,Normal,87.3,0.1,795.0,782.0,772.5
shuttle_20250730_150526_813.wav,2025-07-30T15:05:26,shuttle,1.0,Normal,87.2,0.1,790.0,768.5,786.0
shuttle_20250730_150527_838.wav,2025-07-30T15:05:27,shuttle,1.0,Normal,86.9,0.1,758.5,767.0,758.0
shuttle_20250730_150528_833.wav,2025-07-30T15:05:28,shuttle,1.0,Normal,87.3,0.1,772.5,806.0,751.0
shuttle_20250730_150529_838.wav,2025-07-30T15:05:29,shuttle,1.0,Normal,87.7,-0.0,805.5,795.5,782.0
shuttle_20250730_150530_830.wav,2025-07-30T15:05:30,shuttle,1.0,Normal,87.1,0.1,749.0,819.0,774.5
shuttle_20250730_150531_842.wav,2025-07-30T15:05:31,shuttle,1.0,Normal,86.8,0.1,755.0,762.0,833.5
shuttle_20250730_150532_830.wav,2025-07-30T15:05:32,shuttle,1.0,Normal,87.4,0.1,806.0,773.0,772.5
shuttle_20250730_150533_825.wav,2025-07-30T15:05:33,shuttle,1.0,Normal,87.9,0.0,806.0,756.5,762.0
shuttle_20250730_150534_834.wav,2025-07-30T15:05:34,shuttle,1.0,Normal,87.0,0.2,785.5,786.0,771.5
shuttle_20250730_150535_826.wav,2025-07-30T15:05:35,shuttle,1.0,Normal,86.7,0.1,771.5,767.5,826.5
shuttle_20250730_150536_833.wav,2025-07-30T15:05:36,shuttle,1.0,Normal,86.8,0.2,782.0,773.0,772.5
shuttle_20250730_150537_826.wav,2025-07-30T15:05:37,shuttle,1.0,Normal,87.6,0.0,756.5,795.5,766.0
shuttle_20250730_150538_811.wav,2025-07-30T15:05:38,shuttle,1.0,Normal,87.0,0.2,799.0,803.5,774.5
shuttle_20250730_150539_822.wav,2025-07-30T15:05:39,shuttle,1.0,Normal,86.6,0.2,769.5,760.0,773.5
shuttle_20250730_150540_818.wav,2025-07-30T15:05:40,shuttle,1.0,Normal,86.9,0.2,772.5,782.0,773.0
shuttle_20250730_150541_827.wav,2025-07-30T15:05:41,shuttle,1.0,Anomaly,88.1,,756.5,786.5,799.5
shuttle_20250730_150542_828.wav,2025-07-30T15:05:42,shuttle,1.0,Normal,87.0,0.2,757.0,790.0,786.0
shuttle_20250730_150543_842.wav,2025-07-30T15:05:43,shuttle,1.0,Normal,86.4,0.1,773.0,772.5,777.0
shuttle_20250730_150544_834.wav,2025-07-30T15:05:44,shuttle,1.0,Normal,87.0,0.1,772.5,773.0,782.0
shuttle_20250730_150545_837.wav,2025-07-30T15:05:45,shuttle,1.0,Normal,88.0,0.0,761.5,750.5,786.0
shuttle_20250730_150546_833.wav,2025-07-30T15:05:46,shuttle,1.0,Normal,86.9,0.1,798.5,777.0,803.5
shuttle_20250730_150547_827.wav,2025-07-30T15:05:47,shuttle,1.0,Normal,86.4,0.1,749.0,768.0,898.0
shuttle_20250730_150548_828.wav,2025-07-30T15:05:48,shuttle,1.0,Normal,87.0,0.2,773.0,772.5,795.0
shuttle_20250730_150549_825.wav,2025-07-30T15:05:49,shuttle,1.0,Normal,87.6,0.1,767.0,786.0,795.0
shuttle_20250730_150550_834.wav,2025-07-30T15:05:50,shuttle,1.0,Normal,87.0,0.2,790.0,767.0,798.0
shuttle_20250730_150551_825.wav,2025-07-30T15:05:51,shuttle,1.0,Normal,86.6,0.1,760.0,819.0,772.5
shuttle_20250730_150552_816.wav,2025-07-30T15:05:52,shuttle,1.0,Normal,86.9,0.1,772.5,806.0,782.0
shuttle_20250730_150553_826.wav,2025-07-30T15:05:53,shuttle,1.0,Normal,87.3,0.1,789.5,749.0,792.5
shuttle_20250730_150554_813.wav,2025-07-30T15:05:54,shuttle,1.0,Normal,86.9,0.2,771.5,749.0,790.0
shuttle_20250730_150555_826.wav,2025-07-30T15:05:55,shuttle,1.0,Normal,86.6,0.0,772.5,773.0,791.0
shuttle_20250730_150556_812.wav,2025-07-30T15:05:56,shuttle,1.0,Normal,87.2,0.1,772.5,791.0,829.5
shuttle_20250730_150557_842.wav,2025-07-30T15:05:57,shuttle,1.0,Normal,87.4,0.1,764.5,821.0,786.0
shuttle_20250730_150558_830.wav,2025-07-30T15:05:58,shuttle,1.0,Normal,86.9,0.0,764.5,803.5,798.5
shuttle_20250730_150559_842.wav,2025-07-30T15:05:59,shuttle,1.0,Normal,87.0,0.1,772.5,795.0,751.5
shuttle_20250730_150600_832.wav,2025-07-30T15:06:00,shuttle,1.0,Normal,87.4,0.1,795.0,772.5,794.5
shuttle_20250730_150601_835.wav,2025-07-30T15:06:01,shuttle,1.0,Normal,87.3,0.1,786.0,790.0,764.5
shuttle_20250730_150602_833.wav,2025-07-30T15:06:02,shuttle,1.0,Normal,87.0,0.1,749.5,790.0,764.5
shuttle_20250730_150603_823.wav,2025-07-30T15:06:03,shuttle,1.0,Normal,86.8,-0.0,773.0,772.5,746.0
shuttle_20250730_150604_833.wav,2025-07-30T15:06:04,shuttle,1.0,Normal,87.1,0.0,772.5,795.5,762.5
shuttle_20250730_150605_824.wav,2025-07-30T15:06:05,shuttle,1.0,Normal,86.7,0.2,756.0,803.5,804.0
shuttle_20250730_150606_830.wav,2025-07-30T15:06:06,shuttle,1.0,Normal,86.4,0.1,761.5,771.0,774.5
shuttle_20250730_150607_825.wav,2025-07-30T15:06:07,shuttle,1.0,Normal,86.9,0.1,772.5,762.5,773.0
shuttle_20250730_150608_816.wav,2025-07-30T15:06:08,shuttle,1.0,Normal,87.4,0.1,762.5,798.0,772.5
shuttle_20250730_150609_824.wav,2025-07-30T15:06:09,shuttle,1.0,Normal,86.8,0.1,771.5,755.5,807.5
shuttle_20250730_150610_812.wav,2025-07-30T15:06:10,shuttle,1.0,Normal,86.7,-0.0,771.5,768.0,752.5
shuttle_20250730_150611_822.wav,2025-07-30T15:06:11,shuttle,1.0,Normal,86.8,0.1,772.5,795.0,818.5
shuttle_20250730_150612_832.wav,2025-07-30T15:06:12,shuttle,1.0,Normal,88.0,0.0,785.5,795.5,756.5
shuttle_20250730_150613_836.wav,2025-07-30T15:06:13,shuttle,1.0,Normal,87.1,0.2,767.0,755.5,777.0
shuttle_20250730_150614_830.wav,2025-07-30T15:06:14,shuttle,1.0,Normal,86.2,0.1,772.0,772.5,754.0
shuttle_20250730_150615_841.wav,2025-07-30T15:06:15,shuttle,1.0,Normal,87.1,0.1,772.5,802.0,782.0
shuttle_20250730_150616_830.wav,2025-07-30T15:06:16,shuttle,1.0,Anomaly,88.2,,785.5,795.5,762.0
shuttle_20250730_150617_821.wav,2025-07-30T15:06:17,shuttle,1.0,Normal,87.0,0.1,777.0,756.0,755.5
shuttle_20250730_150618_827.wav,2025-07-30T15:06:18,shuttle,1.0,Normal,86.5,0.2,819.0,773.0,772.5
shuttle_20250730_150619_825.wav,2025-07-30T15:06:19,shuttle,1.0,Normal,87.1,0.1,772.5,782.0,806.0
shuttle_20250730_150620_834.wav,2025-07-30T15:06:20,shuttle,1.0,Normal,87.9,0.0,795.0,772.5,756.0
shuttle_20250730_150621_822.wav,2025-07-30T15:06:21,shuttle,1.0,Normal,86.8,0.2,790.0,761.5,777.0
shuttle_20250730_150622_813.wav,2025-07-30T15:06:22,shuttle,1.0,Normal,86.2,0.1,772.5,791.5,791.0
shuttle_20250730_150623_821.wav,2025-07-30T15:06:23,shuttle,1.0,Normal,86.7,0.2,772.5,791.0,782.5
shuttle_20250730_150624_814.wav,2025-07-30T15:06:24,shuttle,1.0,Normal,87.5,0.1,804.5,761.5,774.0
shuttle_20250730_150625_824.wav,2025-07-30T15:06:25,shuttle,1.0,Normal,86.8,0.2,761.5,774.5,749.5
shuttle_20250730_150626_818.wav,2025-07-30T15:06:26,shuttle,1.0,Normal,86.1,0.1,772.5,773.0,819.0
shuttle_20250730_150627_837.wav,2025-07-30T15:06:27,shuttle,1.0,Normal,86.8,0.1,772.5,773.0,791.0
shuttle_20250730_150628_834.wav,2025-07-30T15:06:28,shuttle,1.0,Normal,87.5,0.1,798.5,774.5,755.5
shuttle_20250730_150629_836.wav,2025-07-30T15:06:29,shuttle,1.0,Normal,86.8,0.2,756.0,753.5,777.0
shuttle_20250730_150630_829.wav,2025-07-30T15:06:30,shuttle,1.0,Normal,86.7,0.1,772.5,773.0,782.0
shuttle_20250730_150631_837.wav,2025-07-30T15:06:31,shuttle,1.0,Normal,87.2,0.1,772.5,782.0,791.0
shuttle_20250730_150632_830.wav,2025-07-30T15:06:32,shuttle,1.0,Normal,87.2,0.1,749.0,825.0,756.5
shuttle_20250730_150633_825.wav,2025-07-30T15:06:33,shuttle,1.0,Normal,86.8,0.1,789.5,804.0,777.0
shuttle_20250730_150634_832.wav,2025-07-30T15:06:34,shuttle,1.0,Normal,86.8,0.1,791.0,795.0,772.5
shuttle_20250730_150635_825.wav,2025-07-30T15:06:35,shuttle,1.0,Normal,87.2,0.1,791.0,818.5,772.5
shuttle_20250730_150636_833.wav,2025-07-30T15:06:36,shuttle,1.0,Normal,87.0,0.1,809.5,762.0,798.5
shuttle_20250730_150637_821.wav,2025-07-30T15:06:37,shuttle,1.0,Normal,86.6,0.0,761.5,804.0,762.0
shuttle_20250730_150638_812.wav,2025-07-30T15:06:38,shuttle,1.0,Normal,87.2,0.1,762.5,806.0,805.5
shuttle_20250730_150639_825.wav,2025-07-30T15:06:39,shuttle,1.0,Normal,87.6,0.0,805.5,795.5,766.0
shuttle_20250730_150640_817.wav,2025-07-30T15:06:40,shuttle,1.0,Normal,86.9,0.2,798.0,795.0,795.5
shuttle_20250730_150641_828.wav,2025-07-30T15:06:41,shuttle,1.0,Normal,86.4,0.2,798.5,772.5,784.5
shuttle_20250730_150642_836.wav,2025-07-30T15:06:42,shuttle,1.0,Normal,86.7,0.1,791.0,790.5,795.5
shuttle_20250730_150643_843.wav,2025-07-30T15:06:43,shuttle,1.0,Normal,87.4,0.1,790.5,795.5,1172.5
shuttle_20250730_150644_828.wav,2025-07-30T15:06:44,shuttle,1.0,Normal,86.7,0.2,777.0,803.5,809.5
