timestamp,db
2025-09-03T11:40:24.612Z,65.356
2025-09-03T11:40:24.627Z,64.347
2025-09-03T11:40:24.659Z,63.194
2025-09-03T11:40:24.675Z,64.041
2025-09-03T11:40:24.707Z,64.226
2025-09-03T11:40:24.724Z,62.748
2025-09-03T11:40:24.755Z,61.814
2025-09-03T11:40:24.772Z,61.409
2025-09-03T11:40:24.804Z,61.453
2025-09-03T11:40:24.819Z,62.630
2025-09-03T11:40:24.836Z,62.929
2025-09-03T11:40:24.868Z,65.267
2025-09-03T11:40:24.884Z,68.478
2025-09-03T11:40:24.916Z,70.282
2025-09-03T11:40:24.931Z,65.737
2025-09-03T11:40:24.964Z,65.047
2025-09-03T11:40:24.979Z,61.400
2025-09-03T11:40:25.011Z,62.818
2025-09-03T11:40:25.028Z,66.577
2025-09-03T11:40:25.043Z,65.229
2025-09-03T11:40:25.076Z,64.245
2025-09-03T11:40:25.092Z,60.688
2025-09-03T11:40:25.123Z,65.040
2025-09-03T11:40:25.139Z,64.972
2025-09-03T11:40:25.172Z,64.190
2025-09-03T11:40:25.188Z,65.137
2025-09-03T11:40:25.220Z,65.487
2025-09-03T11:40:25.236Z,65.555
2025-09-03T11:40:25.268Z,65.461
2025-09-03T11:40:25.283Z,65.553
2025-09-03T11:40:25.300Z,65.557
2025-09-03T11:40:25.332Z,64.029
2025-09-03T11:40:25.348Z,66.147
2025-09-03T11:40:25.380Z,65.565
2025-09-03T11:40:25.395Z,62.819
2025-09-03T11:40:25.428Z,64.202
2025-09-03T11:40:25.444Z,63.305
2025-09-03T11:40:25.475Z,60.570
2025-09-03T11:40:25.491Z,62.460
2025-09-03T11:40:25.524Z,63.229
2025-09-03T11:40:25.540Z,68.120
2025-09-03T11:40:25.557Z,70.248
2025-09-03T11:40:25.588Z,69.095
2025-09-03T11:40:25.604Z,65.760
2025-09-03T11:40:25.635Z,65.368
2025-09-03T11:40:25.652Z,66.589
2025-09-03T11:40:25.684Z,67.071
2025-09-03T11:40:25.700Z,65.862
2025-09-03T11:40:25.731Z,64.427
2025-09-03T11:40:25.747Z,64.614
2025-09-03T11:40:25.763Z,62.218
2025-09-03T11:40:25.795Z,63.663
2025-09-03T11:40:25.812Z,66.062
2025-09-03T11:40:25.843Z,65.725
2025-09-03T11:40:25.859Z,64.400
2025-09-03T11:40:25.891Z,66.856
2025-09-03T11:40:25.907Z,64.759
2025-09-03T11:40:25.939Z,67.804
2025-09-03T11:40:25.955Z,68.058
2025-09-03T11:40:25.988Z,66.727
2025-09-03T11:40:26.004Z,65.800
2025-09-03T11:40:26.020Z,64.786
2025-09-03T11:40:26.052Z,66.951
2025-09-03T11:40:26.068Z,68.158
2025-09-03T11:40:26.099Z,67.859
2025-09-03T11:40:26.116Z,68.038
2025-09-03T11:40:26.147Z,68.225
2025-09-03T11:40:26.163Z,62.895
2025-09-03T11:40:26.196Z,63.983
2025-09-03T11:40:26.211Z,66.444
2025-09-03T11:40:26.243Z,66.802
2025-09-03T11:40:26.260Z,66.485
2025-09-03T11:40:26.276Z,64.443
2025-09-03T11:40:26.308Z,64.252
2025-09-03T11:40:26.324Z,60.791
2025-09-03T11:40:26.356Z,62.435
2025-09-03T11:40:26.372Z,62.547
2025-09-03T11:40:26.404Z,62.590
2025-09-03T11:40:26.420Z,64.990
2025-09-03T11:40:26.451Z,64.831
2025-09-03T11:40:26.468Z,64.417
2025-09-03T11:40:26.484Z,62.203
2025-09-03T11:40:26.515Z,64.261
2025-09-03T11:40:26.531Z,64.904
2025-09-03T11:40:26.563Z,66.127
2025-09-03T11:40:26.579Z,67.428
2025-09-03T11:40:26.612Z,64.848
2025-09-03T11:40:26.627Z,66.424
2025-09-03T11:40:26.659Z,63.070
2025-09-03T11:40:26.675Z,63.155
2025-09-03T11:40:26.707Z,66.038
2025-09-03T11:40:26.723Z,65.144
2025-09-03T11:40:26.739Z,68.264
2025-09-03T11:40:26.771Z,68.969
2025-09-03T11:40:26.787Z,68.647
2025-09-03T11:40:26.819Z,71.131
2025-09-03T11:40:26.836Z,69.080
2025-09-03T11:40:26.867Z,65.766
2025-09-03T11:40:26.883Z,64.644
2025-09-03T11:40:26.916Z,65.976
2025-09-03T11:40:26.932Z,65.331
2025-09-03T11:40:26.963Z,64.227
2025-09-03T11:40:26.979Z,62.433
2025-09-03T11:40:26.996Z,62.527
2025-09-03T11:40:27.027Z,64.229
2025-09-03T11:40:27.043Z,62.955
2025-09-03T11:40:27.075Z,61.672
2025-09-03T11:40:27.091Z,63.811
2025-09-03T11:40:27.124Z,67.262
2025-09-03T11:40:27.139Z,63.879
2025-09-03T11:40:27.172Z,64.592
2025-09-03T11:40:27.187Z,66.864
2025-09-03T11:40:27.204Z,66.314
2025-09-03T11:40:27.235Z,64.689
2025-09-03T11:40:27.251Z,65.423
2025-09-03T11:40:27.284Z,65.614
2025-09-03T11:40:27.300Z,63.468
2025-09-03T11:40:27.332Z,66.569
2025-09-03T11:40:27.348Z,65.063
2025-09-03T11:40:27.379Z,63.870
2025-09-03T11:40:27.395Z,64.104
2025-09-03T11:40:27.428Z,63.589
2025-09-03T11:40:27.444Z,58.741
2025-09-03T11:40:27.460Z,60.252
2025-09-03T11:40:27.491Z,64.138
2025-09-03T11:40:27.508Z,61.890
2025-09-03T11:40:27.539Z,62.142
2025-09-03T11:40:27.555Z,64.150
2025-09-03T11:40:27.588Z,61.807
2025-09-03T11:40:27.603Z,61.971
2025-09-03T11:40:27.636Z,62.588
2025-09-03T11:40:27.651Z,61.174
2025-09-03T11:40:27.667Z,60.518
2025-09-03T11:40:27.700Z,64.497
2025-09-03T11:40:27.716Z,61.312
2025-09-03T11:40:27.748Z,61.475
2025-09-03T11:40:27.763Z,60.921
2025-09-03T11:40:27.795Z,63.643
2025-09-03T11:40:27.811Z,63.616
2025-09-03T11:40:27.844Z,62.227
2025-09-03T11:40:27.860Z,63.141
2025-09-03T11:40:27.892Z,63.390
2025-09-03T11:40:27.908Z,61.843
2025-09-03T11:40:27.924Z,62.460
2025-09-03T11:40:27.955Z,63.444
2025-09-03T11:40:27.972Z,62.949
2025-09-03T11:40:28.004Z,62.676
2025-09-03T11:40:28.019Z,64.892
2025-09-03T11:40:28.052Z,63.926
2025-09-03T11:40:28.068Z,66.673
2025-09-03T11:40:28.100Z,65.224
2025-09-03T11:40:28.116Z,62.872
2025-09-03T11:40:28.147Z,64.870
2025-09-03T11:40:28.163Z,64.647
2025-09-03T11:40:28.179Z,63.840
2025-09-03T11:40:28.212Z,64.924
2025-09-03T11:40:28.227Z,66.022
2025-09-03T11:40:28.259Z,64.195
2025-09-03T11:40:28.275Z,63.355
2025-09-03T11:40:28.308Z,64.079
2025-09-03T11:40:28.324Z,63.354
2025-09-03T11:40:28.356Z,66.292
2025-09-03T11:40:28.371Z,65.337
2025-09-03T11:40:28.388Z,66.100
2025-09-03T11:40:28.420Z,63.506
2025-09-03T11:40:28.436Z,65.002
2025-09-03T11:40:28.467Z,65.800
2025-09-03T11:40:28.484Z,66.006
2025-09-03T11:40:28.515Z,64.942
2025-09-03T11:40:28.532Z,63.489
2025-09-03T11:40:28.564Z,67.054
2025-09-03T11:40:28.580Z,65.651
2025-09-03T11:40:28.612Z,67.491
2025-09-03T11:40:28.628Z,66.480
2025-09-03T11:40:28.644Z,68.621
2025-09-03T11:40:28.676Z,68.282
2025-09-03T11:40:28.691Z,83.357
2025-09-03T11:40:28.724Z,84.903
2025-09-03T11:40:28.740Z,73.529
2025-09-03T11:40:28.772Z,67.984
2025-09-03T11:40:28.788Z,73.402
2025-09-03T11:40:28.819Z,75.980
2025-09-03T11:40:28.835Z,76.029
2025-09-03T11:40:28.868Z,70.162
2025-09-03T11:40:28.884Z,71.719
2025-09-03T11:40:28.900Z,68.953
2025-09-03T11:40:28.932Z,67.217
2025-09-03T11:40:28.947Z,66.505
2025-09-03T11:40:28.979Z,66.419
2025-09-03T11:40:28.996Z,77.972
2025-09-03T11:40:29.022Z,65.723
2025-09-03T11:40:29.039Z,64.975
2025-09-03T11:40:29.070Z,66.257
2025-09-03T11:40:29.087Z,66.946
2025-09-03T11:40:29.119Z,67.395
2025-09-03T11:40:29.135Z,64.201
2025-09-03T11:40:29.167Z,65.420
2025-09-03T11:40:29.183Z,63.715
2025-09-03T11:40:29.214Z,62.726
2025-09-03T11:40:29.231Z,67.818
2025-09-03T11:40:29.247Z,69.560
2025-09-03T11:40:29.278Z,64.745
2025-09-03T11:40:29.294Z,65.113
2025-09-03T11:40:29.327Z,69.327
2025-09-03T11:40:29.342Z,77.573
2025-09-03T11:40:29.375Z,96.490
2025-09-03T11:40:29.391Z,99.434
2025-09-03T11:40:29.423Z,99.894
2025-09-03T11:40:29.439Z,100.099
2025-09-03T11:40:29.470Z,100.023
2025-09-03T11:40:29.487Z,99.983
2025-09-03T11:40:29.502Z,99.879
2025-09-03T11:40:29.534Z,100.032
2025-09-03T11:40:29.551Z,99.959
2025-09-03T11:40:29.583Z,99.948
2025-09-03T11:40:29.599Z,99.970
2025-09-03T11:40:29.631Z,99.876
2025-09-03T11:40:29.647Z,99.919
2025-09-03T11:40:29.678Z,100.020
2025-09-03T11:40:29.694Z,99.966
2025-09-03T11:40:29.726Z,99.730
2025-09-03T11:40:29.742Z,99.742
2025-09-03T11:40:29.758Z,99.839
2025-09-03T11:40:29.791Z,99.700
2025-09-03T11:40:29.807Z,99.738
2025-09-03T11:40:29.839Z,99.812
2025-09-03T11:40:29.855Z,99.836
2025-09-03T11:40:29.886Z,99.736
2025-09-03T11:40:29.904Z,99.679
2025-09-03T11:40:29.935Z,99.808
2025-09-03T11:40:29.950Z,99.808
2025-09-03T11:40:29.967Z,99.848
2025-09-03T11:40:29.999Z,99.935
2025-09-03T11:40:30.014Z,99.862
2025-09-03T11:40:30.047Z,99.787
2025-09-03T11:40:30.063Z,99.716
2025-09-03T11:40:30.094Z,99.821
2025-09-03T11:40:30.110Z,99.711
2025-09-03T11:40:30.142Z,99.789
2025-09-03T11:40:30.159Z,99.659
2025-09-03T11:40:30.191Z,99.761
2025-09-03T11:40:30.207Z,99.723
2025-09-03T11:40:30.223Z,99.833
2025-09-03T11:40:30.255Z,99.771
2025-09-03T11:40:30.271Z,99.748
2025-09-03T11:40:30.303Z,99.771
2025-09-03T11:40:30.319Z,99.775
2025-09-03T11:40:30.351Z,99.651
2025-09-03T11:40:30.367Z,99.553
2025-09-03T11:40:30.399Z,99.746
2025-09-03T11:40:30.414Z,99.627
2025-09-03T11:40:30.446Z,99.683
2025-09-03T11:40:30.463Z,99.622
2025-09-03T11:40:30.478Z,99.561
2025-09-03T11:40:30.510Z,99.721
2025-09-03T11:40:30.528Z,99.636
2025-09-03T11:40:30.559Z,99.642
2025-09-03T11:40:30.575Z,99.723
2025-09-03T11:40:30.606Z,98.867
2025-09-03T11:40:30.623Z,95.281
2025-09-03T11:40:30.655Z,79.286
2025-09-03T11:40:30.671Z,66.973
2025-09-03T11:40:30.686Z,65.303
2025-09-03T11:40:30.719Z,65.267
2025-09-03T11:40:30.736Z,63.390
2025-09-03T11:40:30.766Z,62.990
2025-09-03T11:40:30.782Z,61.542
2025-09-03T11:40:30.815Z,64.338
2025-09-03T11:40:30.831Z,62.572
2025-09-03T11:40:30.863Z,65.186
2025-09-03T11:40:30.879Z,63.117
2025-09-03T11:40:30.910Z,63.379
2025-09-03T11:40:30.926Z,65.362
2025-09-03T11:40:30.943Z,62.419
2025-09-03T11:40:30.974Z,60.320
2025-09-03T11:40:30.991Z,66.153
2025-09-03T11:40:31.023Z,65.160
2025-09-03T11:40:31.038Z,62.780
2025-09-03T11:40:31.070Z,62.856
2025-09-03T11:40:31.087Z,62.921
2025-09-03T11:40:31.118Z,62.334
2025-09-03T11:40:31.135Z,65.141
2025-09-03T11:40:31.150Z,95.330
2025-09-03T11:40:31.183Z,99.210
2025-09-03T11:40:31.198Z,99.882
2025-09-03T11:40:31.231Z,100.089
2025-09-03T11:40:31.247Z,100.018
2025-09-03T11:40:31.278Z,100.001
2025-09-03T11:40:31.295Z,100.040
2025-09-03T11:40:31.327Z,99.712
2025-09-03T11:40:31.342Z,97.616
2025-09-03T11:40:31.374Z,84.417
2025-09-03T11:40:31.391Z,65.419
2025-09-03T11:40:31.407Z,61.980
2025-09-03T11:40:31.438Z,60.766
2025-09-03T11:40:31.455Z,61.191
2025-09-03T11:40:31.487Z,65.590
2025-09-03T11:40:31.502Z,65.307
2025-09-03T11:40:31.534Z,64.009
2025-09-03T11:40:31.550Z,63.496
2025-09-03T11:40:31.582Z,62.476
2025-09-03T11:40:31.598Z,60.849
2025-09-03T11:40:31.631Z,64.210
2025-09-03T11:40:31.646Z,65.960
2025-09-03T11:40:31.662Z,65.554
2025-09-03T11:40:31.695Z,62.073
2025-09-03T11:40:31.710Z,65.119
2025-09-03T11:40:31.742Z,65.753
2025-09-03T11:40:31.758Z,62.542
2025-09-03T11:40:31.790Z,61.836
2025-09-03T11:40:31.806Z,63.927
2025-09-03T11:40:31.838Z,62.336
2025-09-03T11:40:31.854Z,60.647
2025-09-03T11:40:31.871Z,80.465
2025-09-03T11:40:31.902Z,97.773
2025-09-03T11:40:31.918Z,99.666
2025-09-03T11:40:31.950Z,99.995
2025-09-03T11:40:31.967Z,100.063
2025-09-03T11:40:31.998Z,99.902
2025-09-03T11:40:32.015Z,98.388
2025-09-03T11:40:32.046Z,86.666
2025-09-03T11:40:32.062Z,65.577
2025-09-03T11:40:32.094Z,61.395
2025-09-03T11:40:32.110Z,61.764
2025-09-03T11:40:32.126Z,65.824
2025-09-03T11:40:32.159Z,62.076
2025-09-03T11:40:32.174Z,64.442
2025-09-03T11:40:32.207Z,65.759
2025-09-03T11:40:32.222Z,63.503
2025-09-03T11:40:32.254Z,62.032
2025-09-03T11:40:32.271Z,64.504
2025-09-03T11:40:32.302Z,61.546
2025-09-03T11:40:32.319Z,62.474
2025-09-03T11:40:32.351Z,62.752
2025-09-03T11:40:32.367Z,64.880
2025-09-03T11:40:32.382Z,65.262
2025-09-03T11:40:32.415Z,63.832
2025-09-03T11:40:32.431Z,65.385
2025-09-03T11:40:32.463Z,65.195
2025-09-03T11:40:32.479Z,65.982
2025-09-03T11:40:32.510Z,63.289
2025-09-03T11:40:32.527Z,60.844
2025-09-03T11:40:32.558Z,64.281
2025-09-03T11:40:32.574Z,62.788
2025-09-03T11:40:32.590Z,62.237
2025-09-03T11:40:32.622Z,63.971
2025-09-03T11:40:32.639Z,61.724
2025-09-03T11:40:32.671Z,62.000
2025-09-03T11:40:32.686Z,65.586
2025-09-03T11:40:32.719Z,64.562
2025-09-03T11:40:32.735Z,60.858
2025-09-03T11:40:32.767Z,61.534
2025-09-03T11:40:32.783Z,63.517
2025-09-03T11:40:32.815Z,63.266
2025-09-03T11:40:32.831Z,61.076
2025-09-03T11:40:32.847Z,62.027
2025-09-03T11:40:32.879Z,61.985
2025-09-03T11:40:32.895Z,72.277
2025-09-03T11:40:32.926Z,68.551
2025-09-03T11:40:32.943Z,87.196
2025-09-03T11:40:32.974Z,80.887
2025-09-03T11:40:32.991Z,88.168
2025-09-03T11:40:33.022Z,87.774
2025-09-03T11:40:33.039Z,87.933
2025-09-03T11:40:33.054Z,87.161
2025-09-03T11:40:33.087Z,84.292
2025-09-03T11:40:33.103Z,84.496
2025-09-03T11:40:33.135Z,83.514
2025-09-03T11:40:33.151Z,84.417
2025-09-03T11:40:33.182Z,83.862
2025-09-03T11:40:33.199Z,85.628
2025-09-03T11:40:33.230Z,83.737
2025-09-03T11:40:33.247Z,85.615
2025-09-03T11:40:33.279Z,85.532
2025-09-03T11:40:33.295Z,84.887
2025-09-03T11:40:33.311Z,86.018
2025-09-03T11:40:33.343Z,84.767
2025-09-03T11:40:33.358Z,85.048
2025-09-03T11:40:33.390Z,83.229
2025-09-03T11:40:33.407Z,83.572
2025-09-03T11:40:33.440Z,83.529
2025-09-03T11:40:33.456Z,84.871
2025-09-03T11:40:33.486Z,85.972
2025-09-03T11:40:33.503Z,86.239
2025-09-03T11:40:33.535Z,86.199
2025-09-03T11:40:33.550Z,86.301
2025-09-03T11:40:33.567Z,85.299
2025-09-03T11:40:33.599Z,85.845
2025-09-03T11:40:33.614Z,84.339
2025-09-03T11:40:33.646Z,84.969
2025-09-03T11:40:33.663Z,83.917
2025-09-03T11:40:33.694Z,83.559
2025-09-03T11:40:33.711Z,83.785
2025-09-03T11:40:33.742Z,81.326
2025-09-03T11:40:33.758Z,77.632
2025-09-03T11:40:33.775Z,73.810
2025-09-03T11:40:33.808Z,75.920
2025-09-03T11:40:33.823Z,69.030
2025-09-03T11:40:33.855Z,68.182
2025-09-03T11:40:33.871Z,68.681
2025-09-03T11:40:33.903Z,65.781
2025-09-03T11:40:33.919Z,66.030
2025-09-03T11:40:33.950Z,64.207
2025-09-03T11:40:33.966Z,59.042
2025-09-03T11:40:33.999Z,63.367
2025-09-03T11:40:34.014Z,61.647
2025-09-03T11:40:34.031Z,63.266
2025-09-03T11:40:34.062Z,63.768
2025-09-03T11:40:34.079Z,63.837
2025-09-03T11:40:34.111Z,62.280
2025-09-03T11:40:34.126Z,74.355
2025-09-03T11:40:34.159Z,80.481
2025-09-03T11:40:34.174Z,73.757
2025-09-03T11:40:34.206Z,75.316
2025-09-03T11:40:34.223Z,71.128
2025-09-03T11:40:34.256Z,66.297
2025-09-03T11:40:34.270Z,64.644
2025-09-03T11:40:34.287Z,68.507
2025-09-03T11:40:34.319Z,66.750
2025-09-03T11:40:34.334Z,64.983
2025-09-03T11:40:34.366Z,66.341
2025-09-03T11:40:34.383Z,64.712
2025-09-03T11:40:34.415Z,62.603
2025-09-03T11:40:34.430Z,64.834
2025-09-03T11:40:34.463Z,63.105
2025-09-03T11:40:34.479Z,63.634
2025-09-03T11:40:34.496Z,65.405
2025-09-03T11:40:34.526Z,63.539
2025-09-03T11:40:34.543Z,62.085
2025-09-03T11:40:34.575Z,62.579
2025-09-03T11:40:34.591Z,65.788
2025-09-03T11:40:34.622Z,64.529
2025-09-03T11:40:34.640Z,65.550
2025-09-03T11:40:34.671Z,65.622
2025-09-03T11:40:34.686Z,64.359
2025-09-03T11:40:34.718Z,63.314
2025-09-03T11:40:34.735Z,65.301
2025-09-03T11:40:34.750Z,63.795
2025-09-03T11:40:34.783Z,63.123
2025-09-03T11:40:34.798Z,59.605
2025-09-03T11:40:34.831Z,62.951
2025-09-03T11:40:34.846Z,59.933
2025-09-03T11:40:34.879Z,62.836
2025-09-03T11:40:34.894Z,64.916
2025-09-03T11:40:34.927Z,67.448
2025-09-03T11:40:34.943Z,74.203
2025-09-03T11:40:34.975Z,80.104
2025-09-03T11:40:34.990Z,83.068
2025-09-03T11:40:35.007Z,80.996
2025-09-03T11:40:35.039Z,77.736
2025-09-03T11:40:35.055Z,82.644
2025-09-03T11:40:35.087Z,87.797
2025-09-03T11:40:35.103Z,89.635
2025-09-03T11:40:35.135Z,89.464
2025-09-03T11:40:35.150Z,88.237
2025-09-03T11:40:35.182Z,86.661
2025-09-03T11:40:35.198Z,86.075
2025-09-03T11:40:35.215Z,86.012
2025-09-03T11:40:35.246Z,85.850
2025-09-03T11:40:35.263Z,86.853
2025-09-03T11:40:35.294Z,85.590
2025-09-03T11:40:35.310Z,86.688
2025-09-03T11:40:35.342Z,87.225
2025-09-03T11:40:35.358Z,88.148
2025-09-03T11:40:35.391Z,87.481
2025-09-03T11:40:35.406Z,87.751
2025-09-03T11:40:35.438Z,88.335
2025-09-03T11:40:35.454Z,88.297
2025-09-03T11:40:35.470Z,88.171
2025-09-03T11:40:35.503Z,88.476
2025-09-03T11:40:35.519Z,89.009
2025-09-03T11:40:35.550Z,89.251
2025-09-03T11:40:35.567Z,89.265
2025-09-03T11:40:35.599Z,89.444
2025-09-03T11:40:35.615Z,89.735
2025-09-03T11:40:35.646Z,89.671
2025-09-03T11:40:35.662Z,89.447
2025-09-03T11:40:35.678Z,89.707
2025-09-03T11:40:35.710Z,89.623
2025-09-03T11:40:35.727Z,89.444
2025-09-03T11:40:35.759Z,89.569
2025-09-03T11:40:35.774Z,89.668
2025-09-03T11:40:35.806Z,89.182
2025-09-03T11:40:35.822Z,88.211
2025-09-03T11:40:35.855Z,87.562
2025-09-03T11:40:35.871Z,87.736
2025-09-03T11:40:35.903Z,88.137
2025-09-03T11:40:35.919Z,88.690
2025-09-03T11:40:35.934Z,89.302
2025-09-03T11:40:35.966Z,89.674
2025-09-03T11:40:35.982Z,89.662
2025-09-03T11:40:36.015Z,89.215
2025-09-03T11:40:36.031Z,89.197
2025-09-03T11:40:36.062Z,89.225
2025-09-03T11:40:36.078Z,89.546
2025-09-03T11:40:36.110Z,89.106
2025-09-03T11:40:36.127Z,88.804
2025-09-03T11:40:36.158Z,88.863
2025-09-03T11:40:36.175Z,88.911
2025-09-03T11:40:36.191Z,88.852
2025-09-03T11:40:36.222Z,90.035
2025-09-03T11:40:36.239Z,89.710
2025-09-03T11:40:36.271Z,87.561
2025-09-03T11:40:36.286Z,83.811
2025-09-03T11:40:36.318Z,78.483
2025-09-03T11:40:36.334Z,75.518
2025-09-03T11:40:36.366Z,86.988
2025-09-03T11:40:36.384Z,90.909
2025-09-03T11:40:36.399Z,90.975
2025-09-03T11:40:36.430Z,91.636
2025-09-03T11:40:36.447Z,91.061
2025-09-03T11:40:36.478Z,91.055
2025-09-03T11:40:36.495Z,90.937
2025-09-03T11:40:36.527Z,90.288
2025-09-03T11:40:36.543Z,90.507
2025-09-03T11:40:36.575Z,91.122
2025-09-03T11:40:36.590Z,91.553
2025-09-03T11:40:36.623Z,90.999
2025-09-03T11:40:36.640Z,89.628
2025-09-03T11:40:36.655Z,89.650
2025-09-03T11:40:36.687Z,90.362
2025-09-03T11:40:36.702Z,91.062
2025-09-03T11:40:36.734Z,90.865
2025-09-03T11:40:36.751Z,91.171
2025-09-03T11:40:36.782Z,91.758
2025-09-03T11:40:36.799Z,92.298
2025-09-03T11:40:36.831Z,92.745
2025-09-03T11:40:36.847Z,92.272
2025-09-03T11:40:36.879Z,92.075
2025-09-03T11:40:36.894Z,91.799
2025-09-03T11:40:36.911Z,92.001
2025-09-03T11:40:36.943Z,89.507
2025-09-03T11:40:36.958Z,81.316
2025-09-03T11:40:36.991Z,80.607
2025-09-03T11:40:37.006Z,80.973
2025-09-03T11:40:37.038Z,80.928
2025-09-03T11:40:37.055Z,81.505
2025-09-03T11:40:37.088Z,82.372
2025-09-03T11:40:37.102Z,81.798
2025-09-03T11:40:37.118Z,81.918
2025-09-03T11:40:37.150Z,82.197
2025-09-03T11:40:37.166Z,80.984
2025-09-03T11:40:37.198Z,80.195
2025-09-03T11:40:37.214Z,81.165
2025-09-03T11:40:37.247Z,81.272
2025-09-03T11:40:37.264Z,81.640
2025-09-03T11:40:37.295Z,89.827
2025-09-03T11:40:37.311Z,89.691
2025-09-03T11:40:37.344Z,90.501
2025-09-03T11:40:37.359Z,90.264
2025-09-03T11:40:37.375Z,90.463
2025-09-03T11:40:37.406Z,90.467
2025-09-03T11:40:37.422Z,89.473
2025-09-03T11:40:37.456Z,90.261
2025-09-03T11:40:37.471Z,89.539
2025-09-03T11:40:37.503Z,89.962
2025-09-03T11:40:37.520Z,89.619
2025-09-03T11:40:37.551Z,91.419
2025-09-03T11:40:37.566Z,92.841
2025-09-03T11:40:37.583Z,92.630
2025-09-03T11:40:37.615Z,91.724
2025-09-03T11:40:37.631Z,90.777
2025-09-03T11:40:37.662Z,90.101
2025-09-03T11:40:37.679Z,89.792
2025-09-03T11:40:37.711Z,89.570
2025-09-03T11:40:37.726Z,88.941
2025-09-03T11:40:37.758Z,89.230
2025-09-03T11:40:37.775Z,88.743
2025-09-03T11:40:37.806Z,88.164
2025-09-03T11:40:37.822Z,86.867
2025-09-03T11:40:37.838Z,87.056
2025-09-03T11:40:37.872Z,86.676
2025-09-03T11:40:37.886Z,86.200
2025-09-03T11:40:37.919Z,86.689
2025-09-03T11:40:37.935Z,86.793
2025-09-03T11:40:37.966Z,86.156
2025-09-03T11:40:37.982Z,86.557
2025-09-03T11:40:38.015Z,87.312
2025-09-03T11:40:38.031Z,87.397
2025-09-03T11:40:38.062Z,87.041
2025-09-03T11:40:38.079Z,87.118
2025-09-03T11:40:38.096Z,82.897
2025-09-03T11:40:38.127Z,78.656
2025-09-03T11:40:38.143Z,72.084
2025-09-03T11:40:38.175Z,74.750
2025-09-03T11:40:38.190Z,74.600
2025-09-03T11:40:38.222Z,73.060
2025-09-03T11:40:38.238Z,65.963
2025-09-03T11:40:38.271Z,77.027
2025-09-03T11:40:38.287Z,79.549
2025-09-03T11:40:38.303Z,81.431
2025-09-03T11:40:38.335Z,81.431
2025-09-03T11:40:38.351Z,79.186
2025-09-03T11:40:38.383Z,79.060
2025-09-03T11:40:38.399Z,74.344
2025-09-03T11:40:38.431Z,74.556
2025-09-03T11:40:38.447Z,74.336
2025-09-03T11:40:38.478Z,76.172
2025-09-03T11:40:38.496Z,73.414
2025-09-03T11:40:38.527Z,66.856
2025-09-03T11:40:38.544Z,70.371
2025-09-03T11:40:38.558Z,74.186
2025-09-03T11:40:38.591Z,65.711
2025-09-03T11:40:38.607Z,69.974
2025-09-03T11:40:38.638Z,79.468
2025-09-03T11:40:38.656Z,80.872
2025-09-03T11:40:38.686Z,81.727
2025-09-03T11:40:38.703Z,81.431
2025-09-03T11:40:38.735Z,80.473
2025-09-03T11:40:38.751Z,79.518
2025-09-03T11:40:38.782Z,80.401
2025-09-03T11:40:38.798Z,79.749
2025-09-03T11:40:38.815Z,80.439
2025-09-03T11:40:38.847Z,79.612
2025-09-03T11:40:38.862Z,80.081
2025-09-03T11:40:38.895Z,80.257
2025-09-03T11:40:38.910Z,80.234
2025-09-03T11:40:38.943Z,81.271
2025-09-03T11:40:38.958Z,82.277
2025-09-03T11:40:38.991Z,80.549
2025-09-03T11:40:39.006Z,80.357
2025-09-03T11:40:39.023Z,81.332
2025-09-03T11:40:39.054Z,81.139
2025-09-03T11:40:39.071Z,80.595
2025-09-03T11:40:39.103Z,79.586
2025-09-03T11:40:39.119Z,79.272
2025-09-03T11:40:39.151Z,80.236
2025-09-03T11:40:39.166Z,81.368
2025-09-03T11:40:39.199Z,82.294
2025-09-03T11:40:39.214Z,82.545
2025-09-03T11:40:39.246Z,83.571
2025-09-03T11:40:39.262Z,82.776
2025-09-03T11:40:39.278Z,81.741
2025-09-03T11:40:39.310Z,81.281
2025-09-03T11:40:39.327Z,81.548
2025-09-03T11:40:39.358Z,81.126
2025-09-03T11:40:39.375Z,80.848
2025-09-03T11:40:39.406Z,81.084
2025-09-03T11:40:39.423Z,80.475
2025-09-03T11:40:39.455Z,78.910
2025-09-03T11:40:39.470Z,78.428
2025-09-03T11:40:39.503Z,78.842
2025-09-03T11:40:39.518Z,78.369
2025-09-03T11:40:39.536Z,78.084
2025-09-03T11:40:39.566Z,77.700
2025-09-03T11:40:39.583Z,78.363
2025-09-03T11:40:39.615Z,77.773
2025-09-03T11:40:39.632Z,77.285
2025-09-03T11:40:39.664Z,76.882
2025-09-03T11:40:39.678Z,74.359
2025-09-03T11:40:39.710Z,70.588
2025-09-03T11:40:39.727Z,66.191
2025-09-03T11:40:39.743Z,63.360
2025-09-03T11:40:39.774Z,68.443
2025-09-03T11:40:39.791Z,64.815
2025-09-03T11:40:39.823Z,62.195
2025-09-03T11:40:39.839Z,63.414
2025-09-03T11:40:39.871Z,60.454
2025-09-03T11:40:39.887Z,62.249
2025-09-03T11:40:39.920Z,61.706
2025-09-03T11:40:39.935Z,61.856
2025-09-03T11:40:39.966Z,63.073
2025-09-03T11:40:39.983Z,62.954
2025-09-03T11:40:39.998Z,63.522
2025-09-03T11:40:40.030Z,64.102
2025-09-03T11:40:40.047Z,61.532
2025-09-03T11:40:40.079Z,60.311
2025-09-03T11:40:40.095Z,61.871
2025-09-03T11:40:40.127Z,64.899
2025-09-03T11:40:40.143Z,65.455
2025-09-03T11:40:40.175Z,64.674
2025-09-03T11:40:40.191Z,61.883
2025-09-03T11:40:40.207Z,60.998
2025-09-03T11:40:40.239Z,59.980
2025-09-03T11:40:40.255Z,63.138
2025-09-03T11:40:40.287Z,62.309
2025-09-03T11:40:40.302Z,62.889
2025-09-03T11:40:40.335Z,63.116
2025-09-03T11:40:40.350Z,65.321
2025-09-03T11:40:40.383Z,62.194
2025-09-03T11:40:40.398Z,60.688
2025-09-03T11:40:40.431Z,62.683
2025-09-03T11:40:40.446Z,62.381
2025-09-03T11:40:40.462Z,63.080
2025-09-03T11:40:40.495Z,70.952
2025-09-03T11:40:40.511Z,61.962
2025-09-03T11:40:40.542Z,62.220
2025-09-03T11:40:40.559Z,66.119
2025-09-03T11:40:40.590Z,66.009
2025-09-03T11:40:40.606Z,64.151
2025-09-03T11:40:40.638Z,63.722
2025-09-03T11:40:40.655Z,62.770
2025-09-03T11:40:40.686Z,61.517
2025-09-03T11:40:40.702Z,60.539
2025-09-03T11:40:40.718Z,66.064
2025-09-03T11:40:40.750Z,67.641
2025-09-03T11:40:40.768Z,64.686
2025-09-03T11:40:40.800Z,63.722
2025-09-03T11:40:40.814Z,65.773
2025-09-03T11:40:40.847Z,62.581
2025-09-03T11:40:40.862Z,62.019
2025-09-03T11:40:40.894Z,62.161
2025-09-03T11:40:40.910Z,61.358
2025-09-03T11:40:40.926Z,62.395
2025-09-03T11:40:40.959Z,65.904
2025-09-03T11:40:40.974Z,61.132
2025-09-03T11:40:41.006Z,64.977
2025-09-03T11:40:41.024Z,61.482
2025-09-03T11:40:41.054Z,64.798
2025-09-03T11:40:41.070Z,63.115
2025-09-03T11:40:41.102Z,62.284
2025-09-03T11:40:41.119Z,63.852
2025-09-03T11:40:41.151Z,63.111
2025-09-03T11:40:41.167Z,62.915
2025-09-03T11:40:41.183Z,63.267
2025-09-03T11:40:41.214Z,62.750
2025-09-03T11:40:41.231Z,62.542
2025-09-03T11:40:41.262Z,61.172
2025-09-03T11:40:41.279Z,67.600
2025-09-03T11:40:41.310Z,63.256
2025-09-03T11:40:41.327Z,64.746
2025-09-03T11:40:41.359Z,67.877
2025-09-03T11:40:41.374Z,62.265
2025-09-03T11:40:41.408Z,61.698
2025-09-03T11:40:41.423Z,63.730
2025-09-03T11:40:41.440Z,64.668
2025-09-03T11:40:41.471Z,59.286
2025-09-03T11:40:41.487Z,60.603
2025-09-03T11:40:41.519Z,64.204
2025-09-03T11:40:41.536Z,65.700
2025-09-03T11:40:41.566Z,60.987
2025-09-03T11:40:41.583Z,62.843
2025-09-03T11:40:41.614Z,61.174
2025-09-03T11:40:41.630Z,60.556
2025-09-03T11:40:41.647Z,62.246
2025-09-03T11:40:41.680Z,61.562
2025-09-03T11:40:41.696Z,60.275
2025-09-03T11:40:41.726Z,64.160
2025-09-03T11:40:41.743Z,61.122
2025-09-03T11:40:41.775Z,63.047
2025-09-03T11:40:41.791Z,64.060
2025-09-03T11:40:41.823Z,64.394
2025-09-03T11:40:41.840Z,63.726
2025-09-03T11:40:41.870Z,64.556
2025-09-03T11:40:41.886Z,63.899
2025-09-03T11:40:41.903Z,63.021
2025-09-03T11:40:41.935Z,63.862
2025-09-03T11:40:41.952Z,64.422
2025-09-03T11:40:41.983Z,62.892
2025-09-03T11:40:41.998Z,62.053
2025-09-03T11:40:42.031Z,61.450
2025-09-03T11:40:42.046Z,62.806
2025-09-03T11:40:42.079Z,65.920
2025-09-03T11:40:42.094Z,66.529
2025-09-03T11:40:42.111Z,63.070
2025-09-03T11:40:42.142Z,62.888
2025-09-03T11:40:42.159Z,65.439
2025-09-03T11:40:42.190Z,65.521
2025-09-03T11:40:42.206Z,67.583
2025-09-03T11:40:42.238Z,67.769
2025-09-03T11:40:42.255Z,64.934
2025-09-03T11:40:42.287Z,64.207
2025-09-03T11:40:42.302Z,64.644
2025-09-03T11:40:42.334Z,64.206
2025-09-03T11:40:42.352Z,67.729
2025-09-03T11:40:42.367Z,65.994
2025-09-03T11:40:42.399Z,66.346
2025-09-03T11:40:42.414Z,64.592
2025-09-03T11:40:42.447Z,63.135
2025-09-03T11:40:42.463Z,61.951
2025-09-03T11:40:42.495Z,64.195
2025-09-03T11:40:42.512Z,64.432
2025-09-03T11:40:42.542Z,65.507
2025-09-03T11:40:42.560Z,63.684
2025-09-03T11:40:42.591Z,65.170
2025-09-03T11:40:42.606Z,67.889
2025-09-03T11:40:42.622Z,65.316
2025-09-03T11:40:42.655Z,64.859
2025-09-03T11:40:42.670Z,67.275
2025-09-03T11:40:42.703Z,64.624
2025-09-03T11:40:42.718Z,65.922
2025-09-03T11:40:42.752Z,74.547
2025-09-03T11:40:42.768Z,79.133
2025-09-03T11:40:42.798Z,81.693
2025-09-03T11:40:42.815Z,86.439
2025-09-03T11:40:42.830Z,88.419
2025-09-03T11:40:42.863Z,88.720
2025-09-03T11:40:42.879Z,88.206
2025-09-03T11:40:42.911Z,88.587
2025-09-03T11:40:42.926Z,87.316
2025-09-03T11:40:42.960Z,87.973
2025-09-03T11:40:42.975Z,88.352
2025-09-03T11:40:43.008Z,88.013
2025-09-03T11:40:43.022Z,89.415
2025-09-03T11:40:43.056Z,89.777
2025-09-03T11:40:43.071Z,90.154
2025-09-03T11:40:43.086Z,90.614
2025-09-03T11:40:43.119Z,90.197
2025-09-03T11:40:43.135Z,89.955
2025-09-03T11:40:43.166Z,88.502
2025-09-03T11:40:43.184Z,88.272
2025-09-03T11:40:43.215Z,88.244
2025-09-03T11:40:43.231Z,88.901
2025-09-03T11:40:43.263Z,88.524
2025-09-03T11:40:43.279Z,89.030
2025-09-03T11:40:43.312Z,88.143
2025-09-03T11:40:43.326Z,87.161
2025-09-03T11:40:43.343Z,86.560
2025-09-03T11:40:43.375Z,84.071
2025-09-03T11:40:43.391Z,83.260
2025-09-03T11:40:43.422Z,82.005
2025-09-03T11:40:43.438Z,78.199
2025-09-03T11:40:43.471Z,76.621
2025-09-03T11:40:43.488Z,73.003
2025-09-03T11:40:43.519Z,72.708
2025-09-03T11:40:43.535Z,71.909
2025-09-03T11:40:43.551Z,64.505
2025-09-03T11:40:43.583Z,67.670
2025-09-03T11:40:43.599Z,63.369
2025-09-03T11:40:43.630Z,66.523
2025-09-03T11:40:43.647Z,65.036
2025-09-03T11:40:43.679Z,63.910
2025-09-03T11:40:43.695Z,65.148
2025-09-03T11:40:43.726Z,63.547
2025-09-03T11:40:43.743Z,62.445
2025-09-03T11:40:43.775Z,66.968
2025-09-03T11:40:43.790Z,65.190
2025-09-03T11:40:43.807Z,64.758
2025-09-03T11:40:43.839Z,65.515
2025-09-03T11:40:43.855Z,63.997
2025-09-03T11:40:43.888Z,65.744
2025-09-03T11:40:43.903Z,61.022
2025-09-03T11:40:43.934Z,61.586
2025-09-03T11:40:43.951Z,65.067
2025-09-03T11:40:43.983Z,65.210
2025-09-03T11:40:44.000Z,62.837
2025-09-03T11:40:44.016Z,64.861
2025-09-03T11:40:44.046Z,64.589
2025-09-03T11:40:44.062Z,65.471
2025-09-03T11:40:44.095Z,64.556
2025-09-03T11:40:44.112Z,63.903
2025-09-03T11:40:44.144Z,61.995
2025-09-03T11:40:44.159Z,66.009
2025-09-03T11:40:44.190Z,65.753
2025-09-03T11:40:44.208Z,62.388
2025-09-03T11:40:44.238Z,64.162
2025-09-03T11:40:44.255Z,63.337
2025-09-03T11:40:44.271Z,63.788
2025-09-03T11:40:44.304Z,62.227
2025-09-03T11:40:44.320Z,66.422
2025-09-03T11:40:44.350Z,63.533
2025-09-03T11:40:44.367Z,63.713
2025-09-03T11:40:44.398Z,64.257
2025-09-03T11:40:44.415Z,65.372
2025-09-03T11:40:44.446Z,61.381
2025-09-03T11:40:44.463Z,66.308
2025-09-03T11:40:44.495Z,65.047
2025-09-03T11:40:44.511Z,65.213
2025-09-03T11:40:44.527Z,64.380
2025-09-03T11:40:44.559Z,61.097
2025-09-03T11:40:44.575Z,64.149
2025-09-03T11:40:44.607Z,63.540
2025-09-03T11:40:44.623Z,60.040
2025-09-03T11:40:44.655Z,65.282
2025-09-03T11:40:44.672Z,64.085
2025-09-03T11:40:44.703Z,64.453
2025-09-03T11:40:44.720Z,62.985
2025-09-03T11:40:44.735Z,64.748
2025-09-03T11:40:44.767Z,64.120
2025-09-03T11:40:44.782Z,63.356
2025-09-03T11:40:44.815Z,64.240
2025-09-03T11:40:44.831Z,63.856
2025-09-03T11:40:44.862Z,66.997
2025-09-03T11:40:44.879Z,63.272
2025-09-03T11:40:44.910Z,63.614
2025-09-03T11:40:44.927Z,60.904
2025-09-03T11:40:44.959Z,60.182
2025-09-03T11:40:44.975Z,61.962
2025-09-03T11:40:44.991Z,64.323
2025-09-03T11:40:45.026Z,63.257
2025-09-03T11:40:45.061Z,67.268
2025-09-03T11:40:45.071Z,67.350
2025-09-03T11:40:45.087Z,64.169
2025-09-03T11:40:45.118Z,64.747
2025-09-03T11:40:45.134Z,64.445
2025-09-03T11:40:45.166Z,67.194
2025-09-03T11:40:45.183Z,64.060
2025-09-03T11:40:45.215Z,65.591
2025-09-03T11:40:45.231Z,65.912
2025-09-03T11:40:45.247Z,66.036
2025-09-03T11:40:45.279Z,66.506
2025-09-03T11:40:45.295Z,65.485
2025-09-03T11:40:45.327Z,65.388
2025-09-03T11:40:45.342Z,68.029
2025-09-03T11:40:45.375Z,68.069
2025-09-03T11:40:45.390Z,64.333
2025-09-03T11:40:45.422Z,62.596
2025-09-03T11:40:45.439Z,63.201
2025-09-03T11:40:45.455Z,63.545
2025-09-03T11:40:45.488Z,64.807
2025-09-03T11:40:45.504Z,64.924
2025-09-03T11:40:45.534Z,65.307
2025-09-03T11:40:45.551Z,65.206
2025-09-03T11:40:45.583Z,66.552
2025-09-03T11:40:45.599Z,68.989
2025-09-03T11:40:45.630Z,74.623
2025-09-03T11:40:45.647Z,70.340
2025-09-03T11:40:45.679Z,67.255
2025-09-03T11:40:45.694Z,66.600
2025-09-03T11:40:45.711Z,67.915
2025-09-03T11:40:45.743Z,68.532
2025-09-03T11:40:45.760Z,69.849
2025-09-03T11:40:45.791Z,72.743
2025-09-03T11:40:45.807Z,68.871
2025-09-03T11:40:45.839Z,69.751
2025-09-03T11:40:45.854Z,74.080
2025-09-03T11:40:45.887Z,74.054
2025-09-03T11:40:45.903Z,68.001
2025-09-03T11:40:45.934Z,68.698
2025-09-03T11:40:45.951Z,67.452
2025-09-03T11:40:45.967Z,71.041
2025-09-03T11:40:45.998Z,79.130
2025-09-03T11:40:46.015Z,65.428
2025-09-03T11:40:46.047Z,66.566
2025-09-03T11:40:46.063Z,73.282
2025-09-03T11:40:46.095Z,82.727
2025-09-03T11:40:46.110Z,89.174
2025-09-03T11:40:46.143Z,72.317
2025-09-03T11:40:46.158Z,95.704
2025-09-03T11:40:46.174Z,87.400
2025-09-03T11:40:46.207Z,78.363
2025-09-03T11:40:46.222Z,86.051
2025-09-03T11:40:46.254Z,89.223
2025-09-03T11:40:46.270Z,91.553
2025-09-03T11:40:46.303Z,89.807
2025-09-03T11:40:46.319Z,79.984
2025-09-03T11:40:46.350Z,84.907
2025-09-03T11:40:46.367Z,94.920
2025-09-03T11:40:46.398Z,83.926
2025-09-03T11:40:46.416Z,82.253
2025-09-03T11:40:46.431Z,81.288
2025-09-03T11:40:46.463Z,82.295
2025-09-03T11:40:46.479Z,80.957
2025-09-03T11:40:46.510Z,80.344
2025-09-03T11:40:46.527Z,78.444
2025-09-03T11:40:46.559Z,76.075
2025-09-03T11:40:46.574Z,73.335
2025-09-03T11:40:46.607Z,71.600
2025-09-03T11:40:46.623Z,70.687
2025-09-03T11:40:46.639Z,65.980
2025-09-03T11:40:46.671Z,65.434
2025-09-03T11:40:46.687Z,66.644
2025-09-03T11:40:46.719Z,74.974
2025-09-03T11:40:46.736Z,87.810
2025-09-03T11:40:46.766Z,95.609
2025-09-03T11:40:46.782Z,97.455
2025-09-03T11:40:46.814Z,93.903
2025-09-03T11:40:46.830Z,83.596
2025-09-03T11:40:46.864Z,86.145
2025-09-03T11:40:46.879Z,90.717
2025-09-03T11:40:46.895Z,90.253
2025-09-03T11:40:46.927Z,82.715
2025-09-03T11:40:46.944Z,73.381
2025-09-03T11:40:46.975Z,76.306
2025-09-03T11:40:46.991Z,78.215
2025-09-03T11:40:47.022Z,74.534
2025-09-03T11:40:47.039Z,65.569
2025-09-03T11:40:47.072Z,66.508
2025-09-03T11:40:47.087Z,67.365
2025-09-03T11:40:47.119Z,69.836
2025-09-03T11:40:47.134Z,68.271
2025-09-03T11:40:47.150Z,63.922
2025-09-03T11:40:47.182Z,63.589
2025-09-03T11:40:47.199Z,65.875
2025-09-03T11:40:47.231Z,62.793
2025-09-03T11:40:47.246Z,64.194
2025-09-03T11:40:47.279Z,65.529
2025-09-03T11:40:47.295Z,65.440
2025-09-03T11:40:47.327Z,68.126
2025-09-03T11:40:47.342Z,65.600
2025-09-03T11:40:47.359Z,73.203
2025-09-03T11:40:47.390Z,66.093
2025-09-03T11:40:47.406Z,62.989
2025-09-03T11:40:47.439Z,64.935
2025-09-03T11:40:47.454Z,64.767
2025-09-03T11:40:47.487Z,62.882
2025-09-03T11:40:47.503Z,65.079
2025-09-03T11:40:47.534Z,67.921
2025-09-03T11:40:47.551Z,66.792
2025-09-03T11:40:47.583Z,66.683
2025-09-03T11:40:47.598Z,66.122
2025-09-03T11:40:47.615Z,65.285
2025-09-03T11:40:47.648Z,68.433
2025-09-03T11:40:47.663Z,66.453
2025-09-03T11:40:47.694Z,66.658
2025-09-03T11:40:47.710Z,63.350
2025-09-03T11:40:47.743Z,65.164
2025-09-03T11:40:47.759Z,68.138
2025-09-03T11:40:47.791Z,95.000
2025-09-03T11:40:47.806Z,87.369
2025-09-03T11:40:47.838Z,81.331
2025-09-03T11:40:47.855Z,79.026
2025-09-03T11:40:47.871Z,70.672
2025-09-03T11:40:47.903Z,92.957
2025-09-03T11:40:47.918Z,84.915
2025-09-03T11:40:47.950Z,73.269
2025-09-03T11:40:47.967Z,68.728
2025-09-03T11:40:47.999Z,68.183
2025-09-03T11:40:48.016Z,70.138
2025-09-03T11:40:48.046Z,67.840
2025-09-03T11:40:48.062Z,65.139
2025-09-03T11:40:48.079Z,64.559
2025-09-03T11:40:48.111Z,62.970
2025-09-03T11:40:48.127Z,62.586
2025-09-03T11:40:48.159Z,61.771
2025-09-03T11:40:48.175Z,64.747
2025-09-03T11:40:48.206Z,65.778
2025-09-03T11:40:48.223Z,69.646
2025-09-03T11:40:48.255Z,66.550
2025-09-03T11:40:48.271Z,64.761
2025-09-03T11:40:48.303Z,64.654
2025-09-03T11:40:48.319Z,65.298
2025-09-03T11:40:48.334Z,69.830
2025-09-03T11:40:48.367Z,66.333
2025-09-03T11:40:48.383Z,63.177
2025-09-03T11:40:48.415Z,63.254
2025-09-03T11:40:48.430Z,64.109
2025-09-03T11:40:48.462Z,66.312
2025-09-03T11:40:48.479Z,64.532
2025-09-03T11:40:48.510Z,61.974
2025-09-03T11:40:48.526Z,63.571
2025-09-03T11:40:48.543Z,66.496
2025-09-03T11:40:48.575Z,63.256
2025-09-03T11:40:48.590Z,63.387
2025-09-03T11:40:48.623Z,59.938
2025-09-03T11:40:48.639Z,62.435
2025-09-03T11:40:48.671Z,63.383
2025-09-03T11:40:48.686Z,65.713
2025-09-03T11:40:48.720Z,63.501
2025-09-03T11:40:48.735Z,63.567
2025-09-03T11:40:48.767Z,59.900
2025-09-03T11:40:48.783Z,63.880
2025-09-03T11:40:48.799Z,64.361
2025-09-03T11:40:48.831Z,66.062
2025-09-03T11:40:48.846Z,66.881
2025-09-03T11:40:48.879Z,68.072
2025-09-03T11:40:48.895Z,72.715
2025-09-03T11:40:48.927Z,69.957
2025-09-03T11:40:48.943Z,68.047
2025-09-03T11:40:48.974Z,68.147
2025-09-03T11:40:48.991Z,67.322
2025-09-03T11:40:49.023Z,66.681
2025-09-03T11:40:49.039Z,63.869
2025-09-03T11:40:49.055Z,63.241
2025-09-03T11:40:49.087Z,65.620
2025-09-03T11:40:49.102Z,65.241
2025-09-03T11:40:49.135Z,64.238
2025-09-03T11:40:49.151Z,65.739
2025-09-03T11:40:49.182Z,68.484
2025-09-03T11:40:49.199Z,64.913
2025-09-03T11:40:49.231Z,63.425
2025-09-03T11:40:49.247Z,63.217
2025-09-03T11:40:49.263Z,64.800
2025-09-03T11:40:49.294Z,66.492
2025-09-03T11:40:49.310Z,62.523
2025-09-03T11:40:49.343Z,62.429
2025-09-03T11:40:49.358Z,67.046
2025-09-03T11:40:49.391Z,66.852
2025-09-03T11:40:49.406Z,62.204
2025-09-03T11:40:49.438Z,62.820
2025-09-03T11:40:49.455Z,63.522
2025-09-03T11:40:49.486Z,64.373
2025-09-03T11:40:49.502Z,63.146
2025-09-03T11:40:49.519Z,65.434
2025-09-03T11:40:49.551Z,62.856
2025-09-03T11:40:49.567Z,63.870
2025-09-03T11:40:49.599Z,65.414
2025-09-03T11:40:49.614Z,66.420
2025-09-03T11:40:49.647Z,61.691
2025-09-03T11:40:49.662Z,61.434
2025-09-03T11:40:49.695Z,66.543
2025-09-03T11:40:49.710Z,66.176
2025-09-03T11:40:49.744Z,66.644
2025-09-03T11:40:49.759Z,65.502
2025-09-03T11:40:49.775Z,64.942
2025-09-03T11:40:49.807Z,65.077
2025-09-03T11:40:49.823Z,63.618
2025-09-03T11:40:49.855Z,65.518
2025-09-03T11:40:49.871Z,61.847
2025-09-03T11:40:49.903Z,62.738
2025-09-03T11:40:49.918Z,67.175
2025-09-03T11:40:49.951Z,65.489
2025-09-03T11:40:49.967Z,64.611
2025-09-03T11:40:49.983Z,63.368
2025-09-03T11:40:50.014Z,63.524
2025-09-03T11:40:50.031Z,66.516
2025-09-03T11:40:50.063Z,67.800
2025-09-03T11:40:50.079Z,67.770
2025-09-03T11:40:50.110Z,66.668
2025-09-03T11:40:50.127Z,66.106
2025-09-03T11:40:50.159Z,66.038
2025-09-03T11:40:50.175Z,63.612
2025-09-03T11:40:50.207Z,66.412
2025-09-03T11:40:50.223Z,67.039
2025-09-03T11:40:50.239Z,66.098
2025-09-03T11:40:50.271Z,64.054
2025-09-03T11:40:50.286Z,61.326
2025-09-03T11:40:50.318Z,66.165
2025-09-03T11:40:50.335Z,66.430
2025-09-03T11:40:50.366Z,64.517
2025-09-03T11:40:50.382Z,64.391
2025-09-03T11:40:50.415Z,65.907
2025-09-03T11:40:50.431Z,64.190
2025-09-03T11:40:50.446Z,66.152
2025-09-03T11:40:50.478Z,65.176
2025-09-03T11:40:50.494Z,66.664
2025-09-03T11:40:50.528Z,68.289
2025-09-03T11:40:50.542Z,68.896
2025-09-03T11:40:50.574Z,69.593
2025-09-03T11:40:50.590Z,65.715
2025-09-03T11:40:50.624Z,69.333
2025-09-03T11:40:50.638Z,66.020
2025-09-03T11:40:50.670Z,65.032
2025-09-03T11:40:50.687Z,66.150
2025-09-03T11:40:50.703Z,67.568
2025-09-03T11:40:50.735Z,63.034
2025-09-03T11:40:50.751Z,65.459
2025-09-03T11:40:50.783Z,66.069
2025-09-03T11:40:50.800Z,68.681
2025-09-03T11:40:50.830Z,67.477
2025-09-03T11:40:50.847Z,65.825
2025-09-03T11:40:50.879Z,63.590
2025-09-03T11:40:50.895Z,67.046
2025-09-03T11:40:50.927Z,62.457
2025-09-03T11:40:50.942Z,61.687
2025-09-03T11:40:50.959Z,63.407
2025-09-03T11:40:50.991Z,64.804
2025-09-03T11:40:51.007Z,60.551
2025-09-03T11:40:51.038Z,63.974
2025-09-03T11:40:51.054Z,62.276
2025-09-03T11:40:51.086Z,61.561
2025-09-03T11:40:51.103Z,63.914
2025-09-03T11:40:51.134Z,60.374
2025-09-03T11:40:51.151Z,65.431
2025-09-03T11:40:51.167Z,65.239
2025-09-03T11:40:51.199Z,66.744
2025-09-03T11:40:51.215Z,63.507
2025-09-03T11:40:51.247Z,65.958
2025-09-03T11:40:51.262Z,64.913
2025-09-03T11:40:51.295Z,62.990
2025-09-03T11:40:51.311Z,66.203
2025-09-03T11:40:51.343Z,66.586
2025-09-03T11:40:51.360Z,64.683
2025-09-03T11:40:51.391Z,65.349
2025-09-03T11:40:51.407Z,64.723
2025-09-03T11:40:51.422Z,64.370
2025-09-03T11:40:51.455Z,67.449
2025-09-03T11:40:51.470Z,63.304
2025-09-03T11:40:51.503Z,64.872
2025-09-03T11:40:51.519Z,64.896
2025-09-03T11:40:51.551Z,68.759
2025-09-03T11:40:51.567Z,61.250
2025-09-03T11:40:51.599Z,66.893
2025-09-03T11:40:51.615Z,66.855
2025-09-03T11:40:51.647Z,62.965
2025-09-03T11:40:51.663Z,65.256
2025-09-03T11:40:51.679Z,63.766
2025-09-03T11:40:51.712Z,66.170
2025-09-03T11:40:51.727Z,64.896
2025-09-03T11:40:51.759Z,64.352
2025-09-03T11:40:51.774Z,68.191
2025-09-03T11:40:51.807Z,62.473
2025-09-03T11:40:51.823Z,64.207
2025-09-03T11:40:51.855Z,63.560
2025-09-03T11:40:51.870Z,63.801
2025-09-03T11:40:51.886Z,63.699
2025-09-03T11:40:51.919Z,65.020
2025-09-03T11:40:51.935Z,62.703
2025-09-03T11:40:51.966Z,60.715
2025-09-03T11:40:51.983Z,68.548
2025-09-03T11:40:52.015Z,63.475
2025-09-03T11:40:52.030Z,65.711
2025-09-03T11:40:52.062Z,62.443
2025-09-03T11:40:52.078Z,68.335
2025-09-03T11:40:52.111Z,64.598
2025-09-03T11:40:52.126Z,61.030
2025-09-03T11:40:52.143Z,63.735
2025-09-03T11:40:52.175Z,64.872
2025-09-03T11:40:52.190Z,65.553
2025-09-03T11:40:52.223Z,61.892
2025-09-03T11:40:52.239Z,66.218
2025-09-03T11:40:52.270Z,64.662
2025-09-03T11:40:52.287Z,65.370
2025-09-03T11:40:52.319Z,64.523
2025-09-03T11:40:52.335Z,64.876
2025-09-03T11:40:52.366Z,67.191
2025-09-03T11:40:52.383Z,66.389
2025-09-03T11:40:52.400Z,64.680
2025-09-03T11:40:52.430Z,66.002
2025-09-03T11:40:52.447Z,62.217
2025-09-03T11:40:52.478Z,66.647
2025-09-03T11:40:52.495Z,66.422
2025-09-03T11:40:52.526Z,70.150
2025-09-03T11:40:52.543Z,66.900
2025-09-03T11:40:52.575Z,64.468
2025-09-03T11:40:52.592Z,66.369
2025-09-03T11:40:52.608Z,61.940
2025-09-03T11:40:52.638Z,61.810
2025-09-03T11:40:52.655Z,65.573
2025-09-03T11:40:52.687Z,66.555
2025-09-03T11:40:52.703Z,62.538
2025-09-03T11:40:52.734Z,64.069
2025-09-03T11:40:52.751Z,68.744
2025-09-03T11:40:52.783Z,67.342
2025-09-03T11:40:52.799Z,65.946
2025-09-03T11:40:52.831Z,66.914
2025-09-03T11:40:52.846Z,65.786
2025-09-03T11:40:52.863Z,61.916
2025-09-03T11:40:52.895Z,64.553
2025-09-03T11:40:52.910Z,66.339
2025-09-03T11:40:52.944Z,63.741
2025-09-03T11:40:52.959Z,65.427
2025-09-03T11:40:52.992Z,62.089
2025-09-03T11:40:53.007Z,61.807
2025-09-03T11:40:53.039Z,62.284
2025-09-03T11:40:53.055Z,65.706
2025-09-03T11:40:53.070Z,66.836
2025-09-03T11:40:53.102Z,61.414
2025-09-03T11:40:53.118Z,63.532
2025-09-03T11:40:53.151Z,62.411
2025-09-03T11:40:53.167Z,64.015
2025-09-03T11:40:53.199Z,66.664
2025-09-03T11:40:53.215Z,65.387
2025-09-03T11:40:53.248Z,63.988
2025-09-03T11:40:53.264Z,65.081
2025-09-03T11:40:53.296Z,65.263
2025-09-03T11:40:53.311Z,64.206
2025-09-03T11:40:53.327Z,65.196
2025-09-03T11:40:53.358Z,66.700
2025-09-03T11:40:53.375Z,66.931
2025-09-03T11:40:53.406Z,67.327
2025-09-03T11:40:53.422Z,67.821
2025-09-03T11:40:53.454Z,63.872
2025-09-03T11:40:53.471Z,64.871
2025-09-03T11:40:53.503Z,64.955
2025-09-03T11:40:53.518Z,63.953
2025-09-03T11:40:53.551Z,65.322
2025-09-03T11:40:53.566Z,67.574
2025-09-03T11:40:53.583Z,64.243
2025-09-03T11:40:53.615Z,63.447
2025-09-03T11:40:53.631Z,66.574
2025-09-03T11:40:53.663Z,65.551
2025-09-03T11:40:53.678Z,60.078
2025-09-03T11:40:53.710Z,65.498
2025-09-03T11:40:53.728Z,60.291
2025-09-03T11:40:53.758Z,61.327
2025-09-03T11:40:53.775Z,63.829
2025-09-03T11:40:53.791Z,66.565
2025-09-03T11:40:53.822Z,63.839
2025-09-03T11:40:53.839Z,64.492
2025-09-03T11:40:53.871Z,67.146
2025-09-03T11:40:53.886Z,63.963
2025-09-03T11:40:53.918Z,65.441
2025-09-03T11:40:53.935Z,65.199
2025-09-03T11:40:53.967Z,62.733
2025-09-03T11:40:53.983Z,61.773
2025-09-03T11:40:54.015Z,64.271
2025-09-03T11:40:54.031Z,65.032
2025-09-03T11:40:54.047Z,61.936
2025-09-03T11:40:54.078Z,65.361
2025-09-03T11:40:54.094Z,64.344
2025-09-03T11:40:54.127Z,63.959
2025-09-03T11:40:54.144Z,65.453
2025-09-03T11:40:54.175Z,65.216
2025-09-03T11:40:54.191Z,65.402
2025-09-03T11:40:54.224Z,65.754
2025-09-03T11:40:54.238Z,63.752
2025-09-03T11:40:54.271Z,64.563
2025-09-03T11:40:54.287Z,63.898
2025-09-03T11:40:54.303Z,65.380
2025-09-03T11:40:54.335Z,65.312
2025-09-03T11:40:54.351Z,65.163
2025-09-03T11:40:54.395Z,65.467
2025-09-03T11:40:54.405Z,64.164
2025-09-03T11:40:54.430Z,63.559
2025-09-03T11:40:54.446Z,66.946
2025-09-03T11:40:54.480Z,67.473
2025-09-03T11:40:54.494Z,61.778
2025-09-03T11:40:54.510Z,64.916
2025-09-03T11:40:54.543Z,62.930
2025-09-03T11:40:54.559Z,64.783
2025-09-03T11:40:54.590Z,63.024
2025-09-03T11:40:54.606Z,64.691
2025-09-03T11:40:54.638Z,62.182
2025-09-03T11:40:54.654Z,64.317
2025-09-03T11:40:54.687Z,63.366
2025-09-03T11:40:54.703Z,65.782
2025-09-03T11:40:54.735Z,66.385
2025-09-03T11:40:54.750Z,63.383
2025-09-03T11:40:54.767Z,67.500
2025-09-03T11:40:54.799Z,65.181
2025-09-03T11:40:54.815Z,65.006
2025-09-03T11:40:54.847Z,65.942
2025-09-03T11:40:54.862Z,65.918
2025-09-03T11:40:54.895Z,67.186
2025-09-03T11:40:54.910Z,60.425
2025-09-03T11:40:54.944Z,66.224
2025-09-03T11:40:54.959Z,67.279
2025-09-03T11:40:54.975Z,64.185
2025-09-03T11:40:55.007Z,65.743
2025-09-03T11:40:55.024Z,65.663
2025-09-03T11:40:55.055Z,61.808
2025-09-03T11:40:55.070Z,62.991
2025-09-03T11:40:55.103Z,65.563
2025-09-03T11:40:55.119Z,62.609
2025-09-03T11:40:55.151Z,64.082
2025-09-03T11:40:55.167Z,63.523
2025-09-03T11:40:55.199Z,64.138
2025-09-03T11:40:55.214Z,63.123
2025-09-03T11:40:55.231Z,66.581
2025-09-03T11:40:55.263Z,62.910
2025-09-03T11:40:55.279Z,66.932
2025-09-03T11:40:55.311Z,65.060
2025-09-03T11:40:55.327Z,62.218
2025-09-03T11:40:55.358Z,64.484
2025-09-03T11:40:55.374Z,64.145
2025-09-03T11:40:55.407Z,63.783
2025-09-03T11:40:55.423Z,66.754
2025-09-03T11:40:55.454Z,66.978
2025-09-03T11:40:55.470Z,66.014
2025-09-03T11:40:55.488Z,69.133
2025-09-03T11:40:55.519Z,62.322
2025-09-03T11:40:55.535Z,64.196
2025-09-03T11:40:55.568Z,65.221
2025-09-03T11:40:55.583Z,63.388
2025-09-03T11:40:55.615Z,70.646
2025-09-03T11:40:55.632Z,66.893
2025-09-03T11:40:55.664Z,65.829
2025-09-03T11:40:55.680Z,67.207
2025-09-03T11:40:55.694Z,65.489
2025-09-03T11:40:55.728Z,66.544
2025-09-03T11:40:55.742Z,66.278
2025-09-03T11:40:55.776Z,64.352
2025-09-03T11:40:55.792Z,62.108
2025-09-03T11:40:55.824Z,62.286
2025-09-03T11:40:55.840Z,67.442
2025-09-03T11:40:55.871Z,64.671
2025-09-03T11:40:55.888Z,64.699
2025-09-03T11:40:55.920Z,61.702
2025-09-03T11:40:55.935Z,60.040
2025-09-03T11:40:55.951Z,62.816
2025-09-03T11:40:55.984Z,65.560
2025-09-03T11:40:56.000Z,67.731
2025-09-03T11:40:56.031Z,65.369
2025-09-03T11:40:56.047Z,64.343
2025-09-03T11:40:56.079Z,63.107
2025-09-03T11:40:56.095Z,65.747
2025-09-03T11:40:56.127Z,65.331
2025-09-03T11:40:56.143Z,65.192
2025-09-03T11:40:56.175Z,62.143
2025-09-03T11:40:56.190Z,64.756
2025-09-03T11:40:56.207Z,62.516
2025-09-03T11:40:56.239Z,65.585
2025-09-03T11:40:56.255Z,65.363
2025-09-03T11:40:56.287Z,63.145
2025-09-03T11:40:56.303Z,67.633
2025-09-03T11:40:56.334Z,67.461
2025-09-03T11:40:56.351Z,64.429
2025-09-03T11:40:56.383Z,65.901
2025-09-03T11:40:56.399Z,65.398
2025-09-03T11:40:56.414Z,63.119
2025-09-03T11:40:56.447Z,65.528
2025-09-03T11:40:56.463Z,65.136
2025-09-03T11:40:56.494Z,68.354
2025-09-03T11:40:56.511Z,63.746
2025-09-03T11:40:56.543Z,65.074
2025-09-03T11:40:56.558Z,65.668
2025-09-03T11:40:56.591Z,66.447
2025-09-03T11:40:56.606Z,70.363
2025-09-03T11:40:56.639Z,68.620
2025-09-03T11:40:56.654Z,67.806
2025-09-03T11:40:56.671Z,62.392
2025-09-03T11:40:56.722Z,65.125
2025-09-03T11:40:56.729Z,68.949
2025-09-03T11:40:56.751Z,65.497
2025-09-03T11:40:56.767Z,66.309
2025-09-03T11:40:56.798Z,65.534
2025-09-03T11:40:56.815Z,66.499
2025-09-03T11:40:56.847Z,67.629
2025-09-03T11:40:56.862Z,68.225
2025-09-03T11:40:56.895Z,66.238
2025-09-03T11:40:56.912Z,65.195
2025-09-03T11:40:56.926Z,65.601
2025-09-03T11:40:56.958Z,65.629
2025-09-03T11:40:56.974Z,66.189
2025-09-03T11:40:57.007Z,67.150
2025-09-03T11:40:57.023Z,64.475
2025-09-03T11:40:57.054Z,67.178
2025-09-03T11:40:57.071Z,66.212
2025-09-03T11:40:57.104Z,64.610
2025-09-03T11:40:57.119Z,64.678
2025-09-03T11:40:57.134Z,68.036
2025-09-03T11:40:57.167Z,65.352
2025-09-03T11:40:57.183Z,68.143
2025-09-03T11:40:57.216Z,64.697
2025-09-03T11:40:57.230Z,65.448
2025-09-03T11:40:57.262Z,65.692
2025-09-03T11:40:57.280Z,66.018
2025-09-03T11:40:57.312Z,63.516
2025-09-03T11:40:57.327Z,67.035
2025-09-03T11:40:57.359Z,65.700
2025-09-03T11:40:57.375Z,61.018
2025-09-03T11:40:57.391Z,64.308
2025-09-03T11:40:57.424Z,66.711
2025-09-03T11:40:57.439Z,60.274
2025-09-03T11:40:57.472Z,62.027
2025-09-03T11:40:57.486Z,62.550
2025-09-03T11:40:57.518Z,64.659
2025-09-03T11:40:57.535Z,63.845
2025-09-03T11:40:57.567Z,61.953
2025-09-03T11:40:57.582Z,62.542
2025-09-03T11:40:57.599Z,63.396
2025-09-03T11:40:57.630Z,66.739
2025-09-03T11:40:57.646Z,67.195
2025-09-03T11:40:57.678Z,67.114
2025-09-03T11:40:57.694Z,66.182
2025-09-03T11:40:57.727Z,63.820
2025-09-03T11:40:57.743Z,65.704
2025-09-03T11:40:57.775Z,65.023
2025-09-03T11:40:57.791Z,66.929
2025-09-03T11:40:57.822Z,64.560
2025-09-03T11:40:57.838Z,66.796
2025-09-03T11:40:57.856Z,65.573
2025-09-03T11:40:57.886Z,61.366
2025-09-03T11:40:57.903Z,63.019
2025-09-03T11:40:57.934Z,64.516
2025-09-03T11:40:57.951Z,64.297
2025-09-03T11:40:57.983Z,66.153
2025-09-03T11:40:57.998Z,60.729
2025-09-03T11:40:58.031Z,65.352
2025-09-03T11:40:58.046Z,64.310
2025-09-03T11:40:58.079Z,63.991
2025-09-03T11:40:58.096Z,67.404
2025-09-03T11:40:58.111Z,65.835
2025-09-03T11:40:58.142Z,62.572
2025-09-03T11:40:58.159Z,64.531
2025-09-03T11:40:58.191Z,66.575
2025-09-03T11:40:58.208Z,63.594
2025-09-03T11:40:58.239Z,66.566
2025-09-03T11:40:58.254Z,64.456
2025-09-03T11:40:58.287Z,65.667
2025-09-03T11:40:58.303Z,64.954
2025-09-03T11:40:58.320Z,62.884
2025-09-03T11:40:58.351Z,67.825
2025-09-03T11:40:58.366Z,65.972
2025-09-03T11:40:58.399Z,64.219
2025-09-03T11:40:58.415Z,63.762
2025-09-03T11:40:58.447Z,64.597
2025-09-03T11:40:58.462Z,65.688
2025-09-03T11:40:58.494Z,66.890
2025-09-03T11:40:58.511Z,64.167
2025-09-03T11:40:58.542Z,69.036
2025-09-03T11:40:58.559Z,63.361
2025-09-03T11:40:58.575Z,59.725
2025-09-03T11:40:58.607Z,61.947
2025-09-03T11:40:58.623Z,64.302
2025-09-03T11:40:58.655Z,67.900
2025-09-03T11:40:58.670Z,65.611
2025-09-03T11:40:58.703Z,66.081
2025-09-03T11:40:58.719Z,65.403
2025-09-03T11:40:58.752Z,65.324
2025-09-03T11:40:58.767Z,63.381
2025-09-03T11:40:58.799Z,64.075
2025-09-03T11:40:58.814Z,67.894
2025-09-03T11:40:58.831Z,67.032
2025-09-03T11:40:58.862Z,65.536
2025-09-03T11:40:58.879Z,63.198
2025-09-03T11:40:58.910Z,65.552
2025-09-03T11:40:58.926Z,66.292
2025-09-03T11:40:58.959Z,65.796
2025-09-03T11:40:58.974Z,67.897
2025-09-03T11:40:59.007Z,67.785
2025-09-03T11:40:59.023Z,64.506
2025-09-03T11:40:59.039Z,63.396
2025-09-03T11:40:59.072Z,63.663
2025-09-03T11:40:59.087Z,66.398
2025-09-03T11:40:59.119Z,63.201
2025-09-03T11:40:59.135Z,67.247
2025-09-03T11:40:59.166Z,64.140
2025-09-03T11:40:59.184Z,67.285
2025-09-03T11:40:59.215Z,65.028
2025-09-03T11:40:59.231Z,66.525
2025-09-03T11:40:59.262Z,65.283
2025-09-03T11:40:59.278Z,68.830
2025-09-03T11:40:59.294Z,69.212
2025-09-03T11:40:59.328Z,62.634
2025-09-03T11:40:59.344Z,60.868
2025-09-03T11:40:59.375Z,66.675
2025-09-03T11:40:59.391Z,68.233
2025-09-03T11:40:59.422Z,65.346
2025-09-03T11:40:59.439Z,65.128
2025-09-03T11:40:59.470Z,64.774
2025-09-03T11:40:59.487Z,66.940
2025-09-03T11:40:59.503Z,67.080
2025-09-03T11:40:59.536Z,64.594
2025-09-03T11:40:59.551Z,66.482
2025-09-03T11:40:59.584Z,66.664
2025-09-03T11:40:59.599Z,64.905
2025-09-03T11:40:59.631Z,63.027
2025-09-03T11:40:59.647Z,65.753
2025-09-03T11:40:59.679Z,65.184
2025-09-03T11:40:59.694Z,64.493
2025-09-03T11:40:59.726Z,63.778
2025-09-03T11:40:59.742Z,68.188
2025-09-03T11:40:59.759Z,68.083
2025-09-03T11:40:59.792Z,67.081
2025-09-03T11:40:59.806Z,65.690
2025-09-03T11:40:59.838Z,66.753
2025-09-03T11:40:59.854Z,67.010
2025-09-03T11:40:59.887Z,65.719
2025-09-03T11:40:59.903Z,67.102
2025-09-03T11:40:59.935Z,62.989
2025-09-03T11:40:59.951Z,63.464
2025-09-03T11:40:59.983Z,63.901
2025-09-03T11:40:59.998Z,63.167
2025-09-03T11:41:00.015Z,64.566
2025-09-03T11:41:00.047Z,66.401
2025-09-03T11:41:00.063Z,68.041
2025-09-03T11:41:00.095Z,64.953
2025-09-03T11:41:00.112Z,63.717
2025-09-03T11:41:00.143Z,64.046
2025-09-03T11:41:00.158Z,65.479
2025-09-03T11:41:00.192Z,65.947
2025-09-03T11:41:00.206Z,63.506
2025-09-03T11:41:00.223Z,65.260
2025-09-03T11:41:00.255Z,61.954
2025-09-03T11:41:00.270Z,65.245
2025-09-03T11:41:00.303Z,65.644
2025-09-03T11:41:00.318Z,69.968
2025-09-03T11:41:00.350Z,66.596
2025-09-03T11:41:00.367Z,61.862
2025-09-03T11:41:00.399Z,65.481
2025-09-03T11:41:00.415Z,64.364
2025-09-03T11:41:00.448Z,62.222
2025-09-03T11:41:00.462Z,63.503
2025-09-03T11:41:00.479Z,64.812
2025-09-03T11:41:00.511Z,62.468
2025-09-03T11:41:00.528Z,66.116
2025-09-03T11:41:00.559Z,65.525
2025-09-03T11:41:00.575Z,67.280
2025-09-03T11:41:00.607Z,67.882
2025-09-03T11:41:00.623Z,64.348
2025-09-03T11:41:00.656Z,66.729
2025-09-03T11:41:00.671Z,64.714
2025-09-03T11:41:00.704Z,65.809
2025-09-03T11:41:00.718Z,63.748
2025-09-03T11:41:00.736Z,65.562
2025-09-03T11:41:00.767Z,65.133
2025-09-03T11:41:00.784Z,65.621
2025-09-03T11:41:00.814Z,67.132
2025-09-03T11:41:00.831Z,62.377
2025-09-03T11:41:00.863Z,66.436
2025-09-03T11:41:00.880Z,63.306
2025-09-03T11:41:00.911Z,67.209
2025-09-03T11:41:00.927Z,65.069
2025-09-03T11:41:00.943Z,68.309
2025-09-03T11:41:00.975Z,65.121
2025-09-03T11:41:00.991Z,67.240
2025-09-03T11:41:01.023Z,66.674
2025-09-03T11:41:01.038Z,62.105
2025-09-03T11:41:01.071Z,68.781
2025-09-03T11:41:01.086Z,65.700
2025-09-03T11:41:01.120Z,65.528
2025-09-03T11:41:01.135Z,65.839
2025-09-03T11:41:01.167Z,67.405
2025-09-03T11:41:01.182Z,63.716
2025-09-03T11:41:01.200Z,62.939
2025-09-03T11:41:01.232Z,63.790
2025-09-03T11:41:01.246Z,65.506
2025-09-03T11:41:01.279Z,67.112
2025-09-03T11:41:01.295Z,67.864
2025-09-03T11:41:01.327Z,68.931
2025-09-03T11:41:01.343Z,63.550
2025-09-03T11:41:01.375Z,63.402
2025-09-03T11:41:01.391Z,63.564
2025-09-03T11:41:01.422Z,67.833
2025-09-03T11:41:01.440Z,64.740
2025-09-03T11:41:01.456Z,66.384
2025-09-03T11:41:01.486Z,64.941
2025-09-03T11:41:01.504Z,66.794
2025-09-03T11:41:01.535Z,64.684
2025-09-03T11:41:01.552Z,66.606
2025-09-03T11:41:01.584Z,61.605
2025-09-03T11:41:01.600Z,63.921
2025-09-03T11:41:01.630Z,61.091
2025-09-03T11:41:01.647Z,64.145
2025-09-03T11:41:01.663Z,67.930
2025-09-03T11:41:01.695Z,65.122
2025-09-03T11:41:01.710Z,65.718
2025-09-03T11:41:01.743Z,65.993
2025-09-03T11:41:01.759Z,67.015
2025-09-03T11:41:01.791Z,64.754
2025-09-03T11:41:01.808Z,67.263
2025-09-03T11:41:01.838Z,64.589
2025-09-03T11:41:01.854Z,63.521
2025-09-03T11:41:01.887Z,63.891
2025-09-03T11:41:01.903Z,65.885
2025-09-03T11:41:01.919Z,65.215
2025-09-03T11:41:01.950Z,67.189
2025-09-03T11:41:01.967Z,63.553
2025-09-03T11:41:01.998Z,64.823
2025-09-03T11:41:02.015Z,62.642
2025-09-03T11:41:02.047Z,67.568
2025-09-03T11:41:02.063Z,65.032
2025-09-03T11:41:02.095Z,63.122
2025-09-03T11:41:02.111Z,64.433
2025-09-03T11:41:02.127Z,65.126
2025-09-03T11:41:02.158Z,64.630
2025-09-03T11:41:02.175Z,62.781
2025-09-03T11:41:02.207Z,67.185
2025-09-03T11:41:02.222Z,65.311
2025-09-03T11:41:02.256Z,62.826
2025-09-03T11:41:02.270Z,66.661
2025-09-03T11:41:02.304Z,64.998
2025-09-03T11:41:02.319Z,64.252
2025-09-03T11:41:02.350Z,61.466
2025-09-03T11:41:02.367Z,65.533
2025-09-03T11:41:02.383Z,66.849
2025-09-03T11:41:02.414Z,63.708
2025-09-03T11:41:02.431Z,61.687
2025-09-03T11:41:02.463Z,63.463
2025-09-03T11:41:02.479Z,63.633
2025-09-03T11:41:02.511Z,66.287
2025-09-03T11:41:02.527Z,62.935
2025-09-03T11:41:02.558Z,65.143
2025-09-03T11:41:02.575Z,66.340
2025-09-03T11:41:02.607Z,65.110
2025-09-03T11:41:02.623Z,66.678
2025-09-03T11:41:02.640Z,62.915
2025-09-03T11:41:02.672Z,64.640
2025-09-03T11:41:02.687Z,67.276
2025-09-03T11:41:02.720Z,65.843
2025-09-03T11:41:02.734Z,63.477
2025-09-03T11:41:02.767Z,66.270
2025-09-03T11:41:02.782Z,68.705
2025-09-03T11:41:02.815Z,61.496
2025-09-03T11:41:02.831Z,65.309
2025-09-03T11:41:02.847Z,64.629
2025-09-03T11:41:02.878Z,64.158
2025-09-03T11:41:02.895Z,60.680
2025-09-03T11:41:02.927Z,64.000
2025-09-03T11:41:02.944Z,66.382
2025-09-03T11:41:02.975Z,66.900
2025-09-03T11:41:02.991Z,62.725
2025-09-03T11:41:03.023Z,65.761
2025-09-03T11:41:03.039Z,65.272
2025-09-03T11:41:03.071Z,65.629
2025-09-03T11:41:03.087Z,64.458
2025-09-03T11:41:03.102Z,67.375
2025-09-03T11:41:03.135Z,67.093
2025-09-03T11:41:03.151Z,64.741
2025-09-03T11:41:03.183Z,67.808
2025-09-03T11:41:03.199Z,66.987
2025-09-03T11:41:03.231Z,65.135
2025-09-03T11:41:03.246Z,63.459
2025-09-03T11:41:03.279Z,64.486
2025-09-03T11:41:03.294Z,64.734
2025-09-03T11:41:03.326Z,62.496
2025-09-03T11:41:03.342Z,64.967
2025-09-03T11:41:03.359Z,63.322
2025-09-03T11:41:03.390Z,63.743
2025-09-03T11:41:03.407Z,61.210
2025-09-03T11:41:03.439Z,64.445
2025-09-03T11:41:03.455Z,64.267
2025-09-03T11:41:03.487Z,63.422
2025-09-03T11:41:03.503Z,64.212
2025-09-03T11:41:03.535Z,65.454
2025-09-03T11:41:03.551Z,66.068
2025-09-03T11:41:03.567Z,66.107
2025-09-03T11:41:03.599Z,62.702
2025-09-03T11:41:03.614Z,67.954
2025-09-03T11:41:03.646Z,63.616
2025-09-03T11:41:03.663Z,65.002
2025-09-03T11:41:03.694Z,63.111
2025-09-03T11:41:03.711Z,69.476
2025-09-03T11:41:03.743Z,65.034
2025-09-03T11:41:03.758Z,68.364
2025-09-03T11:41:03.791Z,66.987
2025-09-03T11:41:03.808Z,64.761
2025-09-03T11:41:03.824Z,64.051
2025-09-03T11:41:03.854Z,65.711
2025-09-03T11:41:03.872Z,63.315
2025-09-03T11:41:03.903Z,63.317
2025-09-03T11:41:03.920Z,65.520
2025-09-03T11:41:03.951Z,65.325
2025-09-03T11:41:03.967Z,65.352
2025-09-03T11:41:03.998Z,66.585
2025-09-03T11:41:04.015Z,64.359
2025-09-03T11:41:04.031Z,66.600
2025-09-03T11:41:04.063Z,61.015
2025-09-03T11:41:04.080Z,61.861
2025-09-03T11:41:04.110Z,63.912
2025-09-03T11:41:04.127Z,62.790
2025-09-03T11:41:04.159Z,65.594
2025-09-03T11:41:04.175Z,67.156
2025-09-03T11:41:04.206Z,64.337
2025-09-03T11:41:04.222Z,66.446
2025-09-03T11:41:04.256Z,65.884
2025-09-03T11:41:04.271Z,67.299
2025-09-03T11:41:04.286Z,65.215
2025-09-03T11:41:04.318Z,69.972
2025-09-03T11:41:04.336Z,66.040
2025-09-03T11:41:04.367Z,67.301
2025-09-03T11:41:04.382Z,64.234
2025-09-03T11:41:04.415Z,64.867
2025-09-03T11:41:04.430Z,65.147
2025-09-03T11:41:04.463Z,67.459
2025-09-03T11:41:04.479Z,66.941
2025-09-03T11:41:04.511Z,65.330
2025-09-03T11:41:04.528Z,64.995
2025-09-03T11:41:04.543Z,68.336
2025-09-03T11:41:04.574Z,64.532
2025-09-03T11:41:04.592Z,66.466
2025-09-03T11:41:04.623Z,68.880
2025-09-03T11:41:04.640Z,67.895
2025-09-03T11:41:04.671Z,66.411
2025-09-03T11:41:04.687Z,69.742
2025-09-03T11:41:04.719Z,63.540
2025-09-03T11:41:04.734Z,63.691
2025-09-03T11:41:04.752Z,64.895
2025-09-03T11:41:04.782Z,62.705
2025-09-03T11:41:04.799Z,64.771
2025-09-03T11:41:04.831Z,64.684
2025-09-03T11:41:04.847Z,62.134
2025-09-03T11:41:04.878Z,65.201
2025-09-03T11:41:04.896Z,65.967
2025-09-03T11:41:04.928Z,66.810
2025-09-03T11:41:04.942Z,65.558
2025-09-03T11:41:04.976Z,67.279
2025-09-03T11:41:04.991Z,63.694
2025-09-03T11:41:05.007Z,64.897
2025-09-03T11:41:05.039Z,65.722
2025-09-03T11:41:05.055Z,66.152
2025-09-03T11:41:05.087Z,64.684
2025-09-03T11:41:05.103Z,68.592
2025-09-03T11:41:05.134Z,64.714
2025-09-03T11:41:05.151Z,63.827
2025-09-03T11:41:05.182Z,63.911
2025-09-03T11:41:05.199Z,63.341
2025-09-03T11:41:05.230Z,62.153
2025-09-03T11:41:05.247Z,65.740
2025-09-03T11:41:05.263Z,63.784
2025-09-03T11:41:05.295Z,63.180
2025-09-03T11:41:05.311Z,67.016
2025-09-03T11:41:05.344Z,67.003
2025-09-03T11:41:05.359Z,65.229
2025-09-03T11:41:05.390Z,65.322
2025-09-03T11:41:05.406Z,64.303
2025-09-03T11:41:05.439Z,66.332
2025-09-03T11:41:05.455Z,62.644
2025-09-03T11:41:05.472Z,62.074
2025-09-03T11:41:05.502Z,64.133
2025-09-03T11:41:05.518Z,67.372
2025-09-03T11:41:05.550Z,65.646
2025-09-03T11:41:05.568Z,64.078
2025-09-03T11:41:05.599Z,63.911
2025-09-03T11:41:05.616Z,63.763
2025-09-03T11:41:05.646Z,66.960
2025-09-03T11:41:05.662Z,66.987
2025-09-03T11:41:05.695Z,68.526
2025-09-03T11:41:05.712Z,66.809
2025-09-03T11:41:05.726Z,64.056
2025-09-03T11:41:05.758Z,64.524
2025-09-03T11:41:05.775Z,65.019
2025-09-03T11:41:05.806Z,64.438
2025-09-03T11:41:05.823Z,66.135
2025-09-03T11:41:05.855Z,65.650
2025-09-03T11:41:05.872Z,68.725
2025-09-03T11:41:05.902Z,65.992
2025-09-03T11:41:05.920Z,63.726
2025-09-03T11:41:05.935Z,64.956
2025-09-03T11:41:05.967Z,65.616
2025-09-03T11:41:05.984Z,65.166
2025-09-03T11:41:06.015Z,64.924
2025-09-03T11:41:06.031Z,62.297
2025-09-03T11:41:06.063Z,65.630
2025-09-03T11:41:06.078Z,67.136
2025-09-03T11:41:06.110Z,61.904
2025-09-03T11:41:06.127Z,63.597
2025-09-03T11:41:06.159Z,62.982
2025-09-03T11:41:06.175Z,67.561
2025-09-03T11:41:06.191Z,66.206
2025-09-03T11:41:06.223Z,68.098
2025-09-03T11:41:06.238Z,61.104
2025-09-03T11:41:06.271Z,66.856
2025-09-03T11:41:06.287Z,63.420
2025-09-03T11:41:06.319Z,62.218
2025-09-03T11:41:06.334Z,61.832
2025-09-03T11:41:06.366Z,68.056
2025-09-03T11:41:06.383Z,67.734
2025-09-03T11:41:06.414Z,68.464
2025-09-03T11:41:06.430Z,61.809
2025-09-03T11:41:06.448Z,63.470
2025-09-03T11:41:06.479Z,64.285
2025-09-03T11:41:06.496Z,61.971
2025-09-03T11:41:06.527Z,63.846
2025-09-03T11:41:06.542Z,62.997
2025-09-03T11:41:06.575Z,65.109
2025-09-03T11:41:06.591Z,65.500
2025-09-03T11:41:06.624Z,63.699
2025-09-03T11:41:06.639Z,61.551
2025-09-03T11:41:06.655Z,65.783
2025-09-03T11:41:06.686Z,66.851
2025-09-03T11:41:06.704Z,61.930
2025-09-03T11:41:06.735Z,67.294
2025-09-03T11:41:06.751Z,68.633
2025-09-03T11:41:06.784Z,67.371
2025-09-03T11:41:06.800Z,64.318
2025-09-03T11:41:06.832Z,65.676
2025-09-03T11:41:06.848Z,63.027
2025-09-03T11:41:06.880Z,68.722
2025-09-03T11:41:06.895Z,63.805
2025-09-03T11:41:06.911Z,66.592
2025-09-03T11:41:06.942Z,67.815
2025-09-03T11:41:06.959Z,64.711
2025-09-03T11:41:06.991Z,60.380
2025-09-03T11:41:07.006Z,59.498
2025-09-03T11:41:07.040Z,67.559
2025-09-03T11:41:07.055Z,60.242
2025-09-03T11:41:07.087Z,65.777
2025-09-03T11:41:07.103Z,66.506
2025-09-03T11:41:07.135Z,63.329
2025-09-03T11:41:07.151Z,65.639
2025-09-03T11:41:07.166Z,62.581
2025-09-03T11:41:07.200Z,65.389
2025-09-03T11:41:07.215Z,67.004
2025-09-03T11:41:07.248Z,66.830
2025-09-03T11:41:07.264Z,64.466
2025-09-03T11:41:07.295Z,67.005
2025-09-03T11:41:07.311Z,61.789
2025-09-03T11:41:07.343Z,62.610
2025-09-03T11:41:07.359Z,60.534
2025-09-03T11:41:07.376Z,63.856
2025-09-03T11:41:07.407Z,67.958
2025-09-03T11:41:07.423Z,64.062
2025-09-03T11:41:07.455Z,66.065
2025-09-03T11:41:07.471Z,67.350
2025-09-03T11:41:07.502Z,66.704
2025-09-03T11:41:07.519Z,63.791
2025-09-03T11:41:07.551Z,64.061
2025-09-03T11:41:07.568Z,63.530
2025-09-03T11:41:07.599Z,65.762
2025-09-03T11:41:07.615Z,64.088
2025-09-03T11:41:07.631Z,65.560
2025-09-03T11:41:07.663Z,61.943
2025-09-03T11:41:07.678Z,63.756
2025-09-03T11:41:07.711Z,64.569
2025-09-03T11:41:07.727Z,64.473
2025-09-03T11:41:07.759Z,63.381
2025-09-03T11:41:07.775Z,64.306
2025-09-03T11:41:07.807Z,68.104
2025-09-03T11:41:07.823Z,67.263
2025-09-03T11:41:07.855Z,61.671
2025-09-03T11:41:07.871Z,57.646
2025-09-03T11:41:07.887Z,66.771
2025-09-03T11:41:07.919Z,64.965
2025-09-03T11:41:07.935Z,65.081
2025-09-03T11:41:07.966Z,64.604
2025-09-03T11:41:07.982Z,62.414
2025-09-03T11:41:08.015Z,64.351
2025-09-03T11:41:08.031Z,68.950
2025-09-03T11:41:08.063Z,66.319
2025-09-03T11:41:08.079Z,60.660
2025-09-03T11:41:08.095Z,64.175
2025-09-03T11:41:08.133Z,67.453
2025-09-03T11:41:08.150Z,62.051
2025-09-03T11:41:08.175Z,67.475
2025-09-03T11:41:08.190Z,65.344
2025-09-03T11:41:08.222Z,63.827
2025-09-03T11:41:08.238Z,60.552
2025-09-03T11:41:08.271Z,61.255
2025-09-03T11:41:08.287Z,64.131
2025-09-03T11:41:08.319Z,65.807
2025-09-03T11:41:08.335Z,65.910
2025-09-03T11:41:08.351Z,60.710
2025-09-03T11:41:08.382Z,66.180
2025-09-03T11:41:08.398Z,66.960
2025-09-03T11:41:08.431Z,64.499
2025-09-03T11:41:08.447Z,61.428
2025-09-03T11:41:08.479Z,58.628
2025-09-03T11:41:08.494Z,67.144
2025-09-03T11:41:08.527Z,67.551
2025-09-03T11:41:08.543Z,62.718
2025-09-03T11:41:08.559Z,62.435
2025-09-03T11:41:08.592Z,61.829
2025-09-03T11:41:08.607Z,61.632
2025-09-03T11:41:08.639Z,66.655
2025-09-03T11:41:08.655Z,64.537
2025-09-03T11:41:08.687Z,67.296
2025-09-03T11:41:08.703Z,68.074
2025-09-03T11:41:08.736Z,66.384
2025-09-03T11:41:08.751Z,65.086
2025-09-03T11:41:08.783Z,66.726
2025-09-03T11:41:08.798Z,66.066
2025-09-03T11:41:08.814Z,68.431
2025-09-03T11:41:08.847Z,64.883
2025-09-03T11:41:08.863Z,66.808
2025-09-03T11:41:08.894Z,67.042
2025-09-03T11:41:08.911Z,66.951
2025-09-03T11:41:08.943Z,68.805
2025-09-03T11:41:08.959Z,69.052
2025-09-03T11:41:08.991Z,69.547
2025-09-03T11:41:09.007Z,65.703
2025-09-03T11:41:09.038Z,65.056
2025-09-03T11:41:09.055Z,68.678
2025-09-03T11:41:09.071Z,62.716
2025-09-03T11:41:09.103Z,67.566
2025-09-03T11:41:09.119Z,66.982
2025-09-03T11:41:09.152Z,65.271
2025-09-03T11:41:09.167Z,64.998
2025-09-03T11:41:09.199Z,65.998
2025-09-03T11:41:09.216Z,64.424
2025-09-03T11:41:09.247Z,64.117
2025-09-03T11:41:09.262Z,59.747
2025-09-03T11:41:09.278Z,64.597
2025-09-03T11:41:09.311Z,65.319
2025-09-03T11:41:09.328Z,64.909
2025-09-03T11:41:09.359Z,64.615
2025-09-03T11:41:09.374Z,65.560
2025-09-03T11:41:09.407Z,64.194
2025-09-03T11:41:09.423Z,63.419
2025-09-03T11:41:09.455Z,62.453
2025-09-03T11:41:09.470Z,68.242
2025-09-03T11:41:09.503Z,68.722
2025-09-03T11:41:09.519Z,68.536
2025-09-03T11:41:09.534Z,63.123
2025-09-03T11:41:09.567Z,66.444
2025-09-03T11:41:09.583Z,65.710
2025-09-03T11:41:09.616Z,63.949
2025-09-03T11:41:09.631Z,64.370
2025-09-03T11:41:09.663Z,65.170
2025-09-03T11:41:09.679Z,64.036
2025-09-03T11:41:09.711Z,66.566
2025-09-03T11:41:09.726Z,65.109
2025-09-03T11:41:09.759Z,62.757
2025-09-03T11:41:09.775Z,63.668
2025-09-03T11:41:09.791Z,69.506
2025-09-03T11:41:09.823Z,65.552
2025-09-03T11:41:09.839Z,61.189
2025-09-03T11:41:09.870Z,65.472
2025-09-03T11:41:09.888Z,68.529
2025-09-03T11:41:09.919Z,63.802
2025-09-03T11:41:09.935Z,61.285
2025-09-03T11:41:09.967Z,64.662
2025-09-03T11:41:09.982Z,66.645
2025-09-03T11:41:09.999Z,62.192
2025-09-03T11:41:10.031Z,66.663
2025-09-03T11:41:10.047Z,65.993
2025-09-03T11:41:10.078Z,65.456
2025-09-03T11:41:10.096Z,66.702
2025-09-03T11:41:10.126Z,66.521
2025-09-03T11:41:10.142Z,64.185
2025-09-03T11:41:10.174Z,66.077
2025-09-03T11:41:10.190Z,65.124
2025-09-03T11:41:10.223Z,69.012
2025-09-03T11:41:10.239Z,63.493
2025-09-03T11:41:10.255Z,64.790
2025-09-03T11:41:10.286Z,63.322
2025-09-03T11:41:10.302Z,59.503
2025-09-03T11:41:10.334Z,65.221
2025-09-03T11:41:10.351Z,66.690
2025-09-03T11:41:10.383Z,67.040
2025-09-03T11:41:10.400Z,69.538
2025-09-03T11:41:10.430Z,67.887
2025-09-03T11:41:10.447Z,65.814
2025-09-03T11:41:10.463Z,63.465
2025-09-03T11:41:10.495Z,64.652
2025-09-03T11:41:10.511Z,65.583
2025-09-03T11:41:10.543Z,65.138
2025-09-03T11:41:10.559Z,67.598
2025-09-03T11:41:10.591Z,66.042
2025-09-03T11:41:10.607Z,66.650
2025-09-03T11:41:10.639Z,65.162
2025-09-03T11:41:10.655Z,65.972
2025-09-03T11:41:10.688Z,64.808
2025-09-03T11:41:10.702Z,67.759
2025-09-03T11:41:10.719Z,66.276
2025-09-03T11:41:10.751Z,65.247
2025-09-03T11:41:10.766Z,64.286
2025-09-03T11:41:10.799Z,66.067
2025-09-03T11:41:10.816Z,66.585
2025-09-03T11:41:10.847Z,65.394
2025-09-03T11:41:10.863Z,68.433
2025-09-03T11:41:10.894Z,68.269
2025-09-03T11:41:10.910Z,63.238
2025-09-03T11:41:10.942Z,63.919
2025-09-03T11:41:10.958Z,64.696
2025-09-03T11:41:10.975Z,69.148
2025-09-03T11:41:11.007Z,67.011
2025-09-03T11:41:11.023Z,67.647
2025-09-03T11:41:11.054Z,65.206
2025-09-03T11:41:11.076Z,64.596
2025-09-03T11:41:11.109Z,65.229
2025-09-03T11:41:11.118Z,64.961
2025-09-03T11:41:11.151Z,63.514
2025-09-03T11:41:11.166Z,66.997
2025-09-03T11:41:11.183Z,67.124
2025-09-03T11:41:11.215Z,66.536
2025-09-03T11:41:11.231Z,62.430
2025-09-03T11:41:11.262Z,61.788
2025-09-03T11:41:11.279Z,63.667
2025-09-03T11:41:11.310Z,64.650
2025-09-03T11:41:11.327Z,64.468
2025-09-03T11:41:11.359Z,64.877
2025-09-03T11:41:11.375Z,65.911
2025-09-03T11:41:11.407Z,67.067
2025-09-03T11:41:11.424Z,64.734
2025-09-03T11:41:11.438Z,66.177
2025-09-03T11:41:11.471Z,64.114
2025-09-03T11:41:11.487Z,64.885
2025-09-03T11:41:11.519Z,65.418
2025-09-03T11:41:11.536Z,64.130
2025-09-03T11:41:11.567Z,66.168
2025-09-03T11:41:11.583Z,66.235
2025-09-03T11:41:11.615Z,69.110
2025-09-03T11:41:11.630Z,66.956
2025-09-03T11:41:11.663Z,66.217
2025-09-03T11:41:11.678Z,66.075
2025-09-03T11:41:11.695Z,67.414
2025-09-03T11:41:11.728Z,65.529
2025-09-03T11:41:11.743Z,65.826
2025-09-03T11:41:11.775Z,66.186
2025-09-03T11:41:11.791Z,68.147
2025-09-03T11:41:11.823Z,65.761
2025-09-03T11:41:11.839Z,61.613
2025-09-03T11:41:11.871Z,62.573
2025-09-03T11:41:11.888Z,65.376
2025-09-03T11:41:11.903Z,62.026
2025-09-03T11:41:11.935Z,64.370
2025-09-03T11:41:11.950Z,66.106
2025-09-03T11:41:11.984Z,62.341
2025-09-03T11:41:11.999Z,67.499
2025-09-03T11:41:12.032Z,66.496
2025-09-03T11:41:12.048Z,67.985
2025-09-03T11:41:12.079Z,64.261
2025-09-03T11:41:12.095Z,65.446
2025-09-03T11:41:12.127Z,64.532
2025-09-03T11:41:12.142Z,66.291
2025-09-03T11:41:12.159Z,65.135
2025-09-03T11:41:12.191Z,63.951
2025-09-03T11:41:12.207Z,68.953
2025-09-03T11:41:12.239Z,68.001
2025-09-03T11:41:12.254Z,68.041
2025-09-03T11:41:12.287Z,66.195
2025-09-03T11:41:12.303Z,64.959
2025-09-03T11:41:12.335Z,65.019
2025-09-03T11:41:12.351Z,67.054
2025-09-03T11:41:12.368Z,65.238
2025-09-03T11:41:12.399Z,63.478
2025-09-03T11:41:12.415Z,65.258
2025-09-03T11:41:12.447Z,64.929
2025-09-03T11:41:12.463Z,67.312
2025-09-03T11:41:12.495Z,65.151
2025-09-03T11:41:12.511Z,66.941
2025-09-03T11:41:12.543Z,66.832
2025-09-03T11:41:12.559Z,65.739
2025-09-03T11:41:12.591Z,64.345
2025-09-03T11:41:12.607Z,66.709
2025-09-03T11:41:12.623Z,66.494
2025-09-03T11:41:12.655Z,67.489
2025-09-03T11:41:12.670Z,63.218
2025-09-03T11:41:12.703Z,67.147
2025-09-03T11:41:12.719Z,67.643
2025-09-03T11:41:12.751Z,64.142
2025-09-03T11:41:12.767Z,63.791
2025-09-03T11:41:12.799Z,68.159
2025-09-03T11:41:12.816Z,67.814
2025-09-03T11:41:12.847Z,68.945
2025-09-03T11:41:12.863Z,67.622
2025-09-03T11:41:12.878Z,68.523
2025-09-03T11:41:12.912Z,68.278
2025-09-03T11:41:12.927Z,66.697
2025-09-03T11:41:12.959Z,61.729
2025-09-03T11:41:12.975Z,63.942
2025-09-03T11:41:13.007Z,65.704
2025-09-03T11:41:13.023Z,63.254
2025-09-03T11:41:13.055Z,65.065
2025-09-03T11:41:13.071Z,64.089
2025-09-03T11:41:13.087Z,66.641
2025-09-03T11:41:13.119Z,67.533
2025-09-03T11:41:13.134Z,64.602
2025-09-03T11:41:13.168Z,64.834
2025-09-03T11:41:13.183Z,64.024
2025-09-03T11:41:13.214Z,62.146
2025-09-03T11:41:13.231Z,62.137
2025-09-03T11:41:13.263Z,68.307
2025-09-03T11:41:13.279Z,64.729
2025-09-03T11:41:13.311Z,62.835
2025-09-03T11:41:13.327Z,66.773
2025-09-03T11:41:13.343Z,65.185
2025-09-03T11:41:13.374Z,64.374
2025-09-03T11:41:13.391Z,63.832
2025-09-03T11:41:13.422Z,65.454
2025-09-03T11:41:13.440Z,65.456
2025-09-03T11:41:13.472Z,67.860
2025-09-03T11:41:13.487Z,65.892
2025-09-03T11:41:13.519Z,66.277
2025-09-03T11:41:13.535Z,65.505
2025-09-03T11:41:13.567Z,64.231
2025-09-03T11:41:13.583Z,70.424
2025-09-03T11:41:13.599Z,68.816
2025-09-03T11:41:13.631Z,68.026
2025-09-03T11:41:13.647Z,67.079
2025-09-03T11:41:13.679Z,63.747
2025-09-03T11:41:13.694Z,64.243
2025-09-03T11:41:13.727Z,64.832
2025-09-03T11:41:13.743Z,63.449
2025-09-03T11:41:13.775Z,66.256
2025-09-03T11:41:13.791Z,65.004
2025-09-03T11:41:13.806Z,62.086
2025-09-03T11:41:13.839Z,64.315
2025-09-03T11:41:13.855Z,64.028
2025-09-03T11:41:13.887Z,63.880
2025-09-03T11:41:13.903Z,66.717
2025-09-03T11:41:13.935Z,68.054
2025-09-03T11:41:13.951Z,66.546
2025-09-03T11:41:13.983Z,65.415
2025-09-03T11:41:13.999Z,67.177
2025-09-03T11:41:14.031Z,66.012
2025-09-03T11:41:14.048Z,65.747
2025-09-03T11:41:14.063Z,64.772
2025-09-03T11:41:14.095Z,66.928
2025-09-03T11:41:14.111Z,69.402
2025-09-03T11:41:14.142Z,69.703
2025-09-03T11:41:14.158Z,66.418
2025-09-03T11:41:14.191Z,64.021
2025-09-03T11:41:14.207Z,60.907
2025-09-03T11:41:14.239Z,68.697
2025-09-03T11:41:14.255Z,68.395
2025-09-03T11:41:14.286Z,64.462
2025-09-03T11:41:14.303Z,64.302
2025-09-03T11:41:14.320Z,66.286
2025-09-03T11:41:14.351Z,65.228
2025-09-03T11:41:14.367Z,67.937
2025-09-03T11:41:14.398Z,65.768
2025-09-03T11:41:14.415Z,62.300
2025-09-03T11:41:14.447Z,66.789
2025-09-03T11:41:14.462Z,65.095
2025-09-03T11:41:14.495Z,68.127
2025-09-03T11:41:14.511Z,62.359
2025-09-03T11:41:14.528Z,64.844
2025-09-03T11:41:14.559Z,67.426
2025-09-03T11:41:14.574Z,64.502
2025-09-03T11:41:14.607Z,64.286
2025-09-03T11:41:14.623Z,65.120
2025-09-03T11:41:14.656Z,67.088
2025-09-03T11:41:14.671Z,64.831
2025-09-03T11:41:14.703Z,62.293
2025-09-03T11:41:14.719Z,62.891
2025-09-03T11:41:14.751Z,65.693
2025-09-03T11:41:14.767Z,64.685
2025-09-03T11:41:14.783Z,67.115
2025-09-03T11:41:14.815Z,64.797
2025-09-03T11:41:14.832Z,65.606
2025-09-03T11:41:14.863Z,62.796
2025-09-03T11:41:14.879Z,65.848
2025-09-03T11:41:14.911Z,65.666
2025-09-03T11:41:14.927Z,67.428
2025-09-03T11:41:14.959Z,64.919
2025-09-03T11:41:14.975Z,65.961
2025-09-03T11:41:14.992Z,67.605
2025-09-03T11:41:15.023Z,66.601
2025-09-03T11:41:15.039Z,62.248
2025-09-03T11:41:15.071Z,65.671
2025-09-03T11:41:15.087Z,65.565
2025-09-03T11:41:15.119Z,64.495
2025-09-03T11:41:15.135Z,66.633
2025-09-03T11:41:15.167Z,64.484
2025-09-03T11:41:15.183Z,64.659
2025-09-03T11:41:15.215Z,65.523
2025-09-03T11:41:15.231Z,64.812
2025-09-03T11:41:15.247Z,63.903
2025-09-03T11:41:15.279Z,64.888
2025-09-03T11:41:15.295Z,63.494
2025-09-03T11:41:15.328Z,64.270
2025-09-03T11:41:15.343Z,64.601
2025-09-03T11:41:15.376Z,66.039
2025-09-03T11:41:15.391Z,66.550
2025-09-03T11:41:15.423Z,64.969
2025-09-03T11:41:15.438Z,62.115
2025-09-03T11:41:15.471Z,66.253
2025-09-03T11:41:15.487Z,61.282
2025-09-03T11:41:15.503Z,64.802
2025-09-03T11:41:15.535Z,66.760
2025-09-03T11:41:15.551Z,66.076
2025-09-03T11:41:15.583Z,67.718
2025-09-03T11:41:15.599Z,64.631
2025-09-03T11:41:15.631Z,64.977
2025-09-03T11:41:15.647Z,69.840
2025-09-03T11:41:15.678Z,68.963
2025-09-03T11:41:15.695Z,67.907
2025-09-03T11:41:15.710Z,68.546
2025-09-03T11:41:15.743Z,66.196
2025-09-03T11:41:15.759Z,67.116
2025-09-03T11:41:15.791Z,67.680
2025-09-03T11:41:15.806Z,68.845
2025-09-03T11:41:15.839Z,66.429
2025-09-03T11:41:15.855Z,67.293
2025-09-03T11:41:15.887Z,66.735
2025-09-03T11:41:15.903Z,66.039
2025-09-03T11:41:15.935Z,64.578
2025-09-03T11:41:15.952Z,65.837
2025-09-03T11:41:15.968Z,63.810
2025-09-03T11:41:15.999Z,67.720
2025-09-03T11:41:16.015Z,65.582
2025-09-03T11:41:16.046Z,65.208
2025-09-03T11:41:16.063Z,65.114
2025-09-03T11:41:16.095Z,64.044
2025-09-03T11:41:16.111Z,67.499
2025-09-03T11:41:16.144Z,63.765
2025-09-03T11:41:16.159Z,63.140
2025-09-03T11:41:16.190Z,66.913
2025-09-03T11:41:16.207Z,64.711
2025-09-03T11:41:16.222Z,64.868
2025-09-03T11:41:16.255Z,66.847
2025-09-03T11:41:16.271Z,66.533
2025-09-03T11:41:16.303Z,64.272
2025-09-03T11:41:16.318Z,63.314
2025-09-03T11:41:16.351Z,65.248
2025-09-03T11:41:16.366Z,63.765
2025-09-03T11:41:16.399Z,65.867
2025-09-03T11:41:16.414Z,66.240
2025-09-03T11:41:16.430Z,66.141
2025-09-03T11:41:16.463Z,66.306
2025-09-03T11:41:16.478Z,66.214
2025-09-03T11:41:16.511Z,61.611
2025-09-03T11:41:16.527Z,64.005
2025-09-03T11:41:16.559Z,65.366
2025-09-03T11:41:16.574Z,63.561
2025-09-03T11:41:16.606Z,66.755
2025-09-03T11:41:16.623Z,65.429
2025-09-03T11:41:16.655Z,64.481
2025-09-03T11:41:16.670Z,63.233
2025-09-03T11:41:16.687Z,64.263
2025-09-03T11:41:16.719Z,65.221
2025-09-03T11:41:16.734Z,66.806
2025-09-03T11:41:16.767Z,66.446
2025-09-03T11:41:16.784Z,64.692
2025-09-03T11:41:16.815Z,63.409
2025-09-03T11:41:16.832Z,63.233
2025-09-03T11:41:16.863Z,67.672
2025-09-03T11:41:16.880Z,62.498
2025-09-03T11:41:16.895Z,67.887
2025-09-03T11:41:16.926Z,61.716
2025-09-03T11:41:16.943Z,65.381
2025-09-03T11:41:16.975Z,66.806
2025-09-03T11:41:16.992Z,64.251
2025-09-03T11:41:17.023Z,63.463
2025-09-03T11:41:17.042Z,66.095
2025-09-03T11:41:17.071Z,67.286
2025-09-03T11:41:17.088Z,68.646
2025-09-03T11:41:17.118Z,67.187
2025-09-03T11:41:17.135Z,61.039
2025-09-03T11:41:17.151Z,64.511
2025-09-03T11:41:17.183Z,65.166
2025-09-03T11:41:17.198Z,64.469
2025-09-03T11:41:17.231Z,65.474
2025-09-03T11:41:17.248Z,65.357
2025-09-03T11:41:17.280Z,64.017
2025-09-03T11:41:17.295Z,64.857
2025-09-03T11:41:17.328Z,68.859
2025-09-03T11:41:17.343Z,66.222
2025-09-03T11:41:17.375Z,63.837
2025-09-03T11:41:17.390Z,65.595
2025-09-03T11:41:17.407Z,66.725
2025-09-03T11:41:17.439Z,68.549
2025-09-03T11:41:17.455Z,66.776
2025-09-03T11:41:17.487Z,63.451
2025-09-03T11:41:17.503Z,67.086
2025-09-03T11:41:17.534Z,64.618
2025-09-03T11:41:17.551Z,62.715
2025-09-03T11:41:17.582Z,64.607
2025-09-03T11:41:17.600Z,62.887
2025-09-03T11:41:17.615Z,65.798
2025-09-03T11:41:17.647Z,62.573
2025-09-03T11:41:17.664Z,64.188
2025-09-03T11:41:17.695Z,65.074
2025-09-03T11:41:17.711Z,64.515
2025-09-03T11:41:17.742Z,65.812
2025-09-03T11:41:17.759Z,62.288
2025-09-03T11:41:17.791Z,64.173
2025-09-03T11:41:17.806Z,65.307
2025-09-03T11:41:17.839Z,64.321
2025-09-03T11:41:17.855Z,62.877
2025-09-03T11:41:17.871Z,62.676
2025-09-03T11:41:17.903Z,63.503
2025-09-03T11:41:17.919Z,63.297
2025-09-03T11:41:17.951Z,62.464
2025-09-03T11:41:17.967Z,62.839
2025-09-03T11:41:17.999Z,64.876
2025-09-03T11:41:18.015Z,65.851
2025-09-03T11:41:18.048Z,65.752
2025-09-03T11:41:18.063Z,66.011
2025-09-03T11:41:18.095Z,68.458
2025-09-03T11:41:18.111Z,65.998
2025-09-03T11:41:18.128Z,62.585
2025-09-03T11:41:18.160Z,66.070
2025-09-03T11:41:18.176Z,65.352
2025-09-03T11:41:18.208Z,63.217
2025-09-03T11:41:18.223Z,66.815
2025-09-03T11:41:18.256Z,62.994
2025-09-03T11:41:18.272Z,67.752
2025-09-03T11:41:18.303Z,65.398
2025-09-03T11:41:18.319Z,65.655
2025-09-03T11:41:18.335Z,65.545
2025-09-03T11:41:18.366Z,62.339
2025-09-03T11:41:18.383Z,65.087
2025-09-03T11:41:18.414Z,64.283
2025-09-03T11:41:18.432Z,63.859
2025-09-03T11:41:18.463Z,63.293
2025-09-03T11:41:18.479Z,64.860
2025-09-03T11:41:18.511Z,66.589
2025-09-03T11:41:18.528Z,64.309
2025-09-03T11:41:18.559Z,68.383
2025-09-03T11:41:18.575Z,65.234
2025-09-03T11:41:18.591Z,63.477
2025-09-03T11:41:18.623Z,64.439
2025-09-03T11:41:18.638Z,65.195
2025-09-03T11:41:18.672Z,65.064
2025-09-03T11:41:18.687Z,61.755
2025-09-03T11:41:18.719Z,63.228
2025-09-03T11:41:18.735Z,65.967
2025-09-03T11:41:18.767Z,62.026
2025-09-03T11:41:18.783Z,66.915
2025-09-03T11:41:18.815Z,67.204
2025-09-03T11:41:18.831Z,64.703
2025-09-03T11:41:18.848Z,64.927
2025-09-03T11:41:18.878Z,65.482
2025-09-03T11:41:18.895Z,66.880
2025-09-03T11:41:18.927Z,63.855
2025-09-03T11:41:18.942Z,66.494
2025-09-03T11:41:18.975Z,64.198
2025-09-03T11:41:18.992Z,65.098
2025-09-03T11:41:19.023Z,62.058
2025-09-03T11:41:19.039Z,66.318
2025-09-03T11:41:19.055Z,67.840
2025-09-03T11:41:19.088Z,69.998
2025-09-03T11:41:19.104Z,61.561
2025-09-03T11:41:19.135Z,67.632
2025-09-03T11:41:19.151Z,63.854
2025-09-03T11:41:19.182Z,65.024
2025-09-03T11:41:19.200Z,64.672
2025-09-03T11:41:19.232Z,67.040
2025-09-03T11:41:19.247Z,64.390
2025-09-03T11:41:19.279Z,62.967
